Pedido_ID,Data,Categoria,Produto,Quantidade,Preco_Unitario,Receita
1001,2025-01-01,Alimentos,Biscoito,4,38.06,152.24
1001,2025-01-01,Alimentos,Biscoito,4,58.35,233.4
1001,2025-01-01,Vestuário,Tênis,4,88.69,354.76
1002,2025-01-01,Móveis,Sofá,3,155.35,466.05
1002,2025-01-01,Alimentos,Chocolate,4,7.57,30.28
1003,2025-01-01,Alimentos,Suco,4,33.28,133.12
1003,2025-01-01,Eletrônicos,Fone de Ouvido,3,3460.77,10382.31
1003,2025-01-01,Móveis,Cadeira,4,256.12,1024.48
1004,2025-01-01,Papelaria,Caneta,2,49.32,98.64
1005,2025-01-01,Vestuário,Tênis,4,107.13,428.52
1006,2025-01-02,Eletrônicos,Smart TV,4,851.61,3406.44
1006,2025-01-02,Vestuário,Calça Jeans,1,211.66,211.66
1007,2025-01-02,Vestuário,Calça Jeans,2,173.92,347.84
1007,2025-01-02,Papelaria,Estojo,4,10.2,40.8
1007,2025-01-02,Móveis,Luminária,1,751.24,751.24
1008,2025-01-03,Eletrônicos,Smartphone,4,915.06,3660.24
1009,2025-01-03,Alimentos,Cereal,3,43.88,131.64
1009,2025-01-03,Alimentos,Café,2,38.33,76.66
1009,2025-01-03,Vestuário,Camiseta,1,322.79,322.79
1010,2025-01-03,Eletrônicos,Tablet,4,2958.98,11835.92
1010,2025-01-03,Alimentos,Cereal,1,30.97,30.97
1011,2025-01-03,Alimentos,Café,3,44.7,134.1
1011,2025-01-03,Alimentos,Café,2,44.09,88.18
1011,2025-01-03,Vestuário,Tênis,3,64.53,193.59
1012,2025-01-03,Eletrônicos,Smart TV,4,2318.61,9274.44
1012,2025-01-03,Móveis,Luminária,1,1395.62,1395.62
1012,2025-01-03,Papelaria,Agenda,3,13.85,41.55
1013,2025-01-04,Alimentos,Chocolate,1,11.71,11.71
1013,2025-01-04,Eletrônicos,Smartphone,2,1027.55,2055.1
1014,2025-01-04,Papelaria,Agenda,3,103.98,311.94
1015,2025-01-04,Alimentos,Café,1,31.67,31.67
1015,2025-01-04,Alimentos,Chocolate,3,23.57,70.71
1016,2025-01-04,Eletrônicos,Smart TV,1,1549.97,1549.97
1016,2025-01-04,Vestuário,Tênis,3,109.0,327.0
1016,2025-01-04,Vestuário,Jaqueta,1,126.28,126.28
1017,2025-01-05,Eletrônicos,Fone de Ouvido,1,2770.72,2770.72
1018,2025-01-05,Papelaria,Mochila,1,47.51,47.51
1018,2025-01-05,Móveis,Sofá,2,2460.22,4920.44
1019,2025-01-05,Eletrônicos,Smartphone,2,1385.0,2770.0
1019,2025-01-05,Móveis,Estante,3,1518.14,4554.42
1019,2025-01-05,Papelaria,Mochila,3,86.78,260.34
1020,2025-01-05,Papelaria,Estojo,4,113.16,452.64
1020,2025-01-05,Vestuário,Camiseta,1,246.22,246.22
1020,2025-01-05,Eletrônicos,Notebook,2,3710.07,7420.14
1021,2025-01-06,Vestuário,Camiseta,4,59.79,239.16
1022,2025-01-06,Móveis,Estante,1,552.9,552.9
1023,2025-01-06,Alimentos,Cereal,2,52.1,104.2
1023,2025-01-06,Eletrônicos,Smart TV,4,473.94,1895.76
1023,2025-01-06,Papelaria,Estojo,4,71.78,287.12
1024,2025-01-06,Eletrônicos,Fone de Ouvido,2,3898.61,7797.22
1024,2025-01-06,Vestuário,Calça Jeans,4,251.41,1005.64
1025,2025-01-07,Móveis,Sofá,4,979.53,3918.12
1025,2025-01-07,Alimentos,Café,4,21.94,87.76
1026,2025-01-07,Alimentos,Biscoito,4,31.77,127.08
1026,2025-01-07,Alimentos,Cereal,2,48.71,97.42
1026,2025-01-07,Eletrônicos,Smart TV,1,2725.36,2725.36
1027,2025-01-08,Eletrônicos,Smart TV,1,3770.77,3770.77
1028,2025-01-08,Móveis,Estante,1,1894.53,1894.53
1028,2025-01-08,Móveis,Cadeira,3,1426.64,4279.92
1029,2025-01-08,Papelaria,Caderno,1,13.66,13.66
1029,2025-01-08,Móveis,Cadeira,4,860.61,3442.44
1029,2025-01-08,Vestuário,Camiseta,2,156.3,312.6
1030,2025-01-09,Vestuário,Calça Jeans,4,133.22,532.88
1030,2025-01-09,Eletrônicos,Smartphone,4,2854.56,11418.24
1030,2025-01-09,Móveis,Mesa,3,2042.47,6127.41
1031,2025-01-09,Eletrônicos,Tablet,3,464.14,1392.42
1031,2025-01-09,Eletrônicos,Smart TV,1,3223.44,3223.44
1032,2025-01-09,Papelaria,Mochila,4,43.87,175.48
1032,2025-01-09,Vestuário,Calça Jeans,3,170.31,510.93
1033,2025-01-09,Alimentos,Café,2,13.53,27.06
1033,2025-01-09,Móveis,Mesa,1,2164.97,2164.97
1034,2025-01-09,Alimentos,Suco,4,22.97,91.88
1034,2025-01-09,Móveis,Sofá,1,617.97,617.97
1035,2025-01-10,Vestuário,Tênis,3,258.67,776.01
1036,2025-01-10,Alimentos,Suco,2,45.92,91.84
1037,2025-01-10,Vestuário,Boné,3,55.88,167.64
1038,2025-01-10,Papelaria,Agenda,2,11.69,23.38
1039,2025-01-10,Vestuário,Camiseta,1,241.26,241.26
1040,2025-01-11,Alimentos,Biscoito,1,11.61,11.61
1040,2025-01-11,Papelaria,Agenda,2,15.83,31.66
1041,2025-01-11,Papelaria,Agenda,2,59.53,119.06
1041,2025-01-11,Vestuário,Boné,1,181.51,181.51
1042,2025-01-11,Móveis,Mesa,1,1578.04,1578.04
1042,2025-01-11,Papelaria,Caneta,2,35.0,70.0
1043,2025-01-11,Alimentos,Chocolate,4,32.56,130.24
1043,2025-01-11,Móveis,Luminária,4,491.04,1964.16
1044,2025-01-11,Vestuário,Camiseta,4,307.5,1230.0
1044,2025-01-11,Alimentos,Suco,2,36.65,73.3
1044,2025-01-11,Alimentos,Suco,1,12.07,12.07
1045,2025-01-12,Vestuário,Boné,3,60.22,180.66
1045,2025-01-12,Eletrônicos,Notebook,2,1378.06,2756.12
1045,2025-01-12,Vestuário,Calça Jeans,3,139.0,417.0
1046,2025-01-12,Papelaria,Caneta,1,85.12,85.12
1047,2025-01-12,Móveis,Sofá,1,1103.07,1103.07
1047,2025-01-12,Eletrônicos,Smart TV,1,833.14,833.14
1047,2025-01-12,Alimentos,Café,4,45.24,180.96
1048,2025-01-12,Eletrônicos,Tablet,3,1068.6,3205.8
1048,2025-01-12,Móveis,Cadeira,2,671.77,1343.54
1049,2025-01-12,Eletrônicos,Smart TV,2,3331.86,6663.72
1050,2025-01-12,Alimentos,Cereal,4,26.41,105.64
1051,2025-01-13,Alimentos,Suco,3,23.08,69.24
1052,2025-01-13,Papelaria,Agenda,1,96.03,96.03
1053,2025-01-13,Móveis,Luminária,3,1286.61,3859.83
1053,2025-01-13,Vestuário,Boné,1,265.85,265.85
1053,2025-01-13,Alimentos,Cereal,4,11.44,45.76
1054,2025-01-13,Vestuário,Calça Jeans,1,227.83,227.83
1055,2025-01-13,Móveis,Mesa,3,1051.96,3155.88
1055,2025-01-13,Vestuário,Calça Jeans,1,56.03,56.03
1056,2025-01-13,Alimentos,Biscoito,4,25.39,101.56
1056,2025-01-13,Eletrônicos,Smartphone,4,2428.77,9715.08
1057,2025-01-13,Papelaria,Mochila,2,94.37,188.74
1057,2025-01-13,Alimentos,Chocolate,3,54.85,164.55
1058,2025-01-14,Eletrônicos,Smartphone,4,2772.0,11088.0
1058,2025-01-14,Eletrônicos,Smart TV,4,1249.99,4999.96
1058,2025-01-14,Eletrônicos,Tablet,4,3858.41,15433.64
1059,2025-01-14,Móveis,Luminária,4,874.45,3497.8
1060,2025-01-14,Móveis,Estante,4,2305.88,9223.52
1060,2025-01-14,Alimentos,Cereal,2,58.31,116.62
1061,2025-01-14,Eletrônicos,Smartphone,3,2828.63,8485.89
1061,2025-01-14,Eletrônicos,Tablet,3,2833.16,8499.48
1061,2025-01-14,Eletrônicos,Fone de Ouvido,4,1231.71,4926.84
1062,2025-01-14,Papelaria,Estojo,2,43.6,87.2
1062,2025-01-14,Papelaria,Estojo,2,58.33,116.66
1063,2025-01-15,Eletrônicos,Smartphone,4,1341.68,5366.72
1063,2025-01-15,Móveis,Sofá,1,750.3,750.3
1063,2025-01-15,Alimentos,Biscoito,3,56.73,170.19
1064,2025-01-15,Eletrônicos,Notebook,2,468.58,937.16
1065,2025-01-15,Alimentos,Biscoito,4,14.07,56.28
1065,2025-01-15,Eletrônicos,Smartphone,3,1999.42,5998.26
1066,2025-01-16,Eletrônicos,Tablet,2,367.05,734.1
1066,2025-01-16,Papelaria,Caderno,1,66.45,66.45
1066,2025-01-16,Alimentos,Biscoito,1,37.18,37.18
1067,2025-01-16,Vestuário,Calça Jeans,1,150.91,150.91
1068,2025-01-16,Eletrônicos,Smartphone,1,3823.1,3823.1
1068,2025-01-16,Papelaria,Caderno,4,82.25,329.0
1069,2025-01-16,Papelaria,Caneta,2,62.29,124.58
1069,2025-01-16,Alimentos,Cereal,1,21.93,21.93
1070,2025-01-16,Papelaria,Agenda,3,15.17,45.51
1070,2025-01-16,Eletrônicos,Smartphone,3,665.96,1997.88
1071,2025-01-16,Móveis,Luminária,3,1634.47,4903.41
1071,2025-01-16,Alimentos,Suco,2,58.93,117.86
1071,2025-01-16,Vestuário,Calça Jeans,3,155.52,466.56
1072,2025-01-17,Papelaria,Caneta,1,104.17,104.17
1072,2025-01-17,Móveis,Sofá,1,1202.43,1202.43
1072,2025-01-17,Vestuário,Camiseta,4,112.64,450.56
1073,2025-01-17,Vestuário,Boné,2,141.17,282.34
1074,2025-01-17,Alimentos,Cereal,1,9.17,9.17
1074,2025-01-17,Alimentos,Suco,4,15.0,60.0
1074,2025-01-17,Eletrônicos,Fone de Ouvido,3,3516.12,10548.36
1075,2025-01-18,Vestuário,Tênis,2,141.24,282.48
1076,2025-01-18,Eletrônicos,Tablet,2,1924.0,3848.0
1077,2025-01-18,Vestuário,Camiseta,1,191.09,191.09
1077,2025-01-18,Alimentos,Café,3,10.08,30.24
1078,2025-01-19,Papelaria,Caderno,3,14.72,44.16
1078,2025-01-19,Móveis,Sofá,3,602.44,1807.32
1079,2025-01-19,Vestuário,Tênis,4,148.05,592.2
1079,2025-01-19,Vestuário,Boné,3,49.95,149.85
1080,2025-01-19,Alimentos,Cereal,1,34.27,34.27
1080,2025-01-19,Vestuário,Calça Jeans,3,143.33,429.99
1080,2025-01-19,Eletrônicos,Tablet,3,851.79,2555.37
1081,2025-01-19,Eletrônicos,Notebook,1,2211.04,2211.04
1082,2025-01-20,Vestuário,Camiseta,2,210.63,421.26
1082,2025-01-20,Eletrônicos,Tablet,2,1547.87,3095.74
1082,2025-01-20,Vestuário,Jaqueta,1,143.95,143.95
1083,2025-01-20,Móveis,Cadeira,2,669.34,1338.68
1083,2025-01-20,Móveis,Sofá,2,2141.96,4283.92
1084,2025-01-20,Eletrônicos,Fone de Ouvido,4,2169.37,8677.48
1084,2025-01-20,Móveis,Sofá,2,2493.41,4986.82
1085,2025-01-20,Papelaria,Estojo,3,110.5,331.5
1085,2025-01-20,Eletrônicos,Fone de Ouvido,2,3310.32,6620.64
1086,2025-01-20,Alimentos,Chocolate,4,20.4,81.6
1086,2025-01-20,Móveis,Mesa,3,876.83,2630.49
1086,2025-01-20,Papelaria,Caderno,4,89.67,358.68
1087,2025-01-21,Papelaria,Agenda,1,66.25,66.25
1087,2025-01-21,Vestuário,Calça Jeans,2,205.55,411.1
1087,2025-01-21,Papelaria,Caneta,2,42.07,84.14
1088,2025-01-21,Móveis,Cadeira,3,1924.55,5773.65
1089,2025-01-21,Alimentos,Café,4,51.79,207.16
1089,2025-01-21,Papelaria,Caneta,4,19.29,77.16
1089,2025-01-21,Alimentos,Café,3,16.28,48.84
1090,2025-01-22,Móveis,Sofá,1,492.77,492.77
1091,2025-01-22,Móveis,Estante,2,1696.47,3392.94
1092,2025-01-22,Papelaria,Caderno,1,105.88,105.88
1092,2025-01-22,Vestuário,Jaqueta,1,229.71,229.71
1093,2025-01-22,Eletrônicos,Smartphone,3,1518.15,4554.45
1093,2025-01-22,Vestuário,Boné,3,320.07,960.21
1093,2025-01-22,Alimentos,Cereal,4,39.52,158.08
1094,2025-01-23,Móveis,Estante,2,1885.47,3770.94
1095,2025-01-23,Vestuário,Calça Jeans,2,188.07,376.14
1095,2025-01-23,Eletrônicos,Tablet,4,575.93,2303.72
1096,2025-01-23,Papelaria,Agenda,1,67.08,67.08
1097,2025-01-23,Papelaria,Estojo,3,93.77,281.31
1097,2025-01-23,Alimentos,Cereal,2,36.1,72.2
1097,2025-01-23,Alimentos,Cereal,3,24.01,72.03
1098,2025-01-23,Vestuário,Calça Jeans,4,333.13,1332.52
1098,2025-01-23,Vestuário,Boné,2,74.52,149.04
1099,2025-01-23,Eletrônicos,Smart TV,4,2432.91,9731.64
1100,2025-01-23,Móveis,Mesa,3,1950.99,5852.97
1101,2025-01-24,Vestuário,Tênis,1,69.89,69.89
1102,2025-01-24,Alimentos,Biscoito,1,25.86,25.86
1103,2025-01-24,Vestuário,Tênis,2,282.09,564.18
1104,2025-01-24,Alimentos,Suco,3,34.56,103.68
1105,2025-01-24,Vestuário,Calça Jeans,3,183.87,551.61
1105,2025-01-24,Eletrônicos,Fone de Ouvido,3,276.46,829.38
1106,2025-01-24,Eletrônicos,Smart TV,4,1762.86,7051.44
1106,2025-01-24,Eletrônicos,Smartphone,3,3154.91,9464.73
1106,2025-01-24,Vestuário,Tênis,1,98.06,98.06
1107,2025-01-25,Móveis,Cadeira,4,819.03,3276.12
1107,2025-01-25,Móveis,Estante,3,603.77,1811.31
1107,2025-01-25,Móveis,Cadeira,2,187.72,375.44
1108,2025-01-25,Vestuário,Camiseta,3,278.17,834.51
1108,2025-01-25,Vestuário,Calça Jeans,1,201.03,201.03
1108,2025-01-25,Vestuário,Jaqueta,1,79.68,79.68
1109,2025-01-25,Alimentos,Chocolate,2,19.89,39.78
1110,2025-01-26,Alimentos,Biscoito,1,37.73,37.73
1110,2025-01-26,Móveis,Estante,4,2229.91,8919.64
1110,2025-01-26,Vestuário,Jaqueta,2,107.82,215.64
1111,2025-01-26,Alimentos,Suco,2,56.94,113.88
1111,2025-01-26,Móveis,Mesa,3,131.2,393.6
1112,2025-01-26,Móveis,Estante,3,394.66,1183.98
1113,2025-01-26,Papelaria,Caneta,3,107.66,322.98
1114,2025-01-26,Papelaria,Mochila,2,34.83,69.66
1115,2025-01-26,Papelaria,Estojo,2,76.78,153.56
1115,2025-01-26,Eletrônicos,Notebook,3,3465.11,10395.33
1115,2025-01-26,Papelaria,Caneta,4,92.81,371.24
1116,2025-01-26,Vestuário,Jaqueta,4,316.26,1265.04
1117,2025-01-27,Alimentos,Suco,1,12.28,12.28
1118,2025-01-27,Vestuário,Boné,2,35.89,71.78
1119,2025-01-27,Vestuário,Tênis,2,189.39,378.78
1120,2025-01-27,Móveis,Cadeira,4,1293.92,5175.68
1121,2025-01-27,Móveis,Mesa,3,436.04,1308.12
1121,2025-01-27,Eletrônicos,Fone de Ouvido,4,2450.04,9800.16
1121,2025-01-27,Móveis,Cadeira,2,1286.26,2572.52
1122,2025-01-28,Alimentos,Café,4,9.55,38.2
1122,2025-01-28,Alimentos,Chocolate,3,8.75,26.25
1123,2025-01-28,Papelaria,Caderno,4,87.98,351.92
1123,2025-01-28,Alimentos,Chocolate,4,26.82,107.28
1123,2025-01-28,Móveis,Cadeira,3,747.79,2243.37
1124,2025-01-28,Alimentos,Suco,2,7.83,15.66
1124,2025-01-28,Alimentos,Biscoito,1,13.51,13.51
1124,2025-01-28,Vestuário,Calça Jeans,1,64.11,64.11
1125,2025-01-28,Eletrônicos,Smartphone,4,2863.96,11455.84
1126,2025-01-29,Papelaria,Mochila,3,41.18,123.54
1126,2025-01-29,Alimentos,Café,2,12.53,25.06
1127,2025-01-29,Eletrônicos,Smart TV,4,2236.32,8945.28
1128,2025-01-29,Móveis,Cadeira,2,1681.08,3362.16
1128,2025-01-29,Eletrônicos,Notebook,3,2034.29,6102.87
1128,2025-01-29,Alimentos,Chocolate,2,7.84,15.68
1129,2025-01-29,Vestuário,Camiseta,1,87.78,87.78
1129,2025-01-29,Vestuário,Boné,3,263.93,791.79
1129,2025-01-29,Vestuário,Jaqueta,2,332.17,664.34
1130,2025-01-29,Papelaria,Mochila,2,41.7,83.4
1130,2025-01-29,Eletrônicos,Fone de Ouvido,1,2308.61,2308.61
1130,2025-01-29,Vestuário,Jaqueta,4,252.81,1011.24
1131,2025-01-30,Vestuário,Tênis,3,104.55,313.65
1132,2025-01-30,Vestuário,Calça Jeans,3,36.81,110.43
1132,2025-01-30,Móveis,Luminária,4,1021.51,4086.04
1132,2025-01-30,Alimentos,Cereal,4,59.89,239.56
1133,2025-01-30,Eletrônicos,Tablet,4,294.75,1179.0
1134,2025-01-30,Papelaria,Caderno,1,93.35,93.35
1135,2025-01-30,Papelaria,Agenda,1,89.21,89.21
1135,2025-01-30,Alimentos,Biscoito,2,24.5,49.0
1135,2025-01-30,Vestuário,Tênis,1,258.98,258.98
1136,2025-01-30,Eletrônicos,Tablet,1,3952.73,3952.73
1137,2025-01-30,Eletrônicos,Smartphone,4,2766.64,11066.56
1137,2025-01-30,Alimentos,Chocolate,1,48.89,48.89
1137,2025-01-30,Alimentos,Suco,4,27.97,111.88
1138,2025-01-31,Móveis,Estante,2,1330.45,2660.9
1139,2025-01-31,Vestuário,Camiseta,1,100.56,100.56
1139,2025-01-31,Vestuário,Jaqueta,1,294.39,294.39
1139,2025-01-31,Móveis,Cadeira,4,1343.82,5375.28
1140,2025-01-31,Eletrônicos,Tablet,3,1151.9,3455.7
1140,2025-01-31,Vestuário,Calça Jeans,4,252.73,1010.92
1141,2025-01-31,Alimentos,Biscoito,3,17.31,51.93
1141,2025-01-31,Eletrônicos,Smartphone,1,3595.45,3595.45
1141,2025-01-31,Vestuário,Jaqueta,3,310.79,932.37
1142,2025-01-31,Papelaria,Agenda,1,107.21,107.21
1142,2025-01-31,Vestuário,Tênis,3,41.34,124.02
1142,2025-01-31,Eletrônicos,Tablet,2,2980.57,5961.14
1143,2025-01-31,Alimentos,Biscoito,2,7.68,15.36
1143,2025-01-31,Móveis,Sofá,4,362.73,1450.92
1143,2025-01-31,Móveis,Luminária,4,2142.9,8571.6
1144,2025-02-01,Alimentos,Café,1,23.37,23.37
1144,2025-02-01,Eletrônicos,Tablet,3,2768.54,8305.62
1144,2025-02-01,Alimentos,Suco,3,13.72,41.16
1145,2025-02-01,Vestuário,Camiseta,3,39.36,118.08
1146,2025-02-01,Vestuário,Jaqueta,3,103.16,309.48
1146,2025-02-01,Vestuário,Tênis,1,207.98,207.98
1147,2025-02-01,Papelaria,Caneta,2,38.01,76.02
1148,2025-02-01,Eletrônicos,Smartphone,3,2582.48,7747.44
1148,2025-02-01,Vestuário,Tênis,1,32.9,32.9
1148,2025-02-01,Alimentos,Cereal,2,46.86,93.72
1149,2025-02-01,Vestuário,Tênis,2,232.44,464.88
1150,2025-02-01,Móveis,Sofá,4,517.01,2068.04
1151,2025-02-01,Papelaria,Mochila,4,24.13,96.52
1151,2025-02-01,Eletrônicos,Notebook,2,1973.26,3946.52
1152,2025-02-01,Alimentos,Chocolate,4,52.93,211.72
1152,2025-02-01,Móveis,Sofá,3,1899.16,5697.48
1153,2025-02-01,Papelaria,Agenda,2,7.54,15.08
1154,2025-02-02,Vestuário,Boné,3,332.18,996.54
1154,2025-02-02,Móveis,Cadeira,3,492.7,1478.1
1155,2025-02-02,Móveis,Estante,2,629.85,1259.7
1156,2025-02-02,Papelaria,Mochila,1,36.42,36.42
1156,2025-02-02,Papelaria,Estojo,3,89.1,267.3
1156,2025-02-02,Móveis,Estante,3,2414.85,7244.55
1157,2025-02-03,Eletrônicos,Smart TV,4,2316.59,9266.36
1158,2025-02-03,Papelaria,Caderno,1,104.89,104.89
1158,2025-02-03,Alimentos,Chocolate,3,46.86,140.58
1158,2025-02-03,Móveis,Sofá,4,178.06,712.24
1159,2025-02-03,Alimentos,Suco,1,48.81,48.81
1159,2025-02-03,Eletrônicos,Smart TV,1,1103.03,1103.03
1160,2025-02-03,Eletrônicos,Smart TV,2,397.2,794.4
1160,2025-02-03,Móveis,Luminária,4,1516.63,6066.52
1161,2025-02-03,Móveis,Cadeira,2,127.89,255.78
1161,2025-02-03,Vestuário,Jaqueta,1,252.39,252.39
1161,2025-02-03,Papelaria,Caderno,2,9.56,19.12
1162,2025-02-04,Papelaria,Estojo,4,44.79,179.16
1162,2025-02-04,Vestuário,Tênis,1,53.17,53.17
1163,2025-02-04,Eletrônicos,Tablet,1,467.66,467.66
1164,2025-02-05,Vestuário,Calça Jeans,2,286.19,572.38
1164,2025-02-05,Vestuário,Tênis,3,63.46,190.38
1164,2025-02-05,Móveis,Estante,1,2250.93,2250.93
1165,2025-02-05,Eletrônicos,Smartphone,4,2879.88,11519.52
1165,2025-02-05,Vestuário,Tênis,2,286.55,573.1
1166,2025-02-06,Alimentos,Chocolate,3,8.32,24.96
1166,2025-02-06,Papelaria,Agenda,3,60.12,180.36
1167,2025-02-06,Alimentos,Suco,1,45.94,45.94
1167,2025-02-06,Móveis,Estante,2,488.01,976.02
1168,2025-02-06,Alimentos,Biscoito,1,59.8,59.8
1168,2025-02-06,Alimentos,Cereal,3,9.48,28.44
1169,2025-02-06,Móveis,Luminária,3,1104.16,3312.48
1169,2025-02-06,Eletrônicos,Smart TV,1,820.64,820.64
1169,2025-02-06,Vestuário,Boné,1,300.8,300.8
1170,2025-02-06,Papelaria,Estojo,1,9.61,9.61
1170,2025-02-06,Alimentos,Café,1,29.12,29.12
1171,2025-02-06,Papelaria,Caneta,4,73.74,294.96
1171,2025-02-06,Vestuário,Jaqueta,2,219.55,439.1
1172,2025-02-06,Papelaria,Mochila,4,76.64,306.56
1173,2025-02-07,Móveis,Luminária,1,265.92,265.92
1173,2025-02-07,Papelaria,Agenda,4,56.21,224.84
1174,2025-02-07,Eletrônicos,Smart TV,2,2432.86,4865.72
1174,2025-02-07,Eletrônicos,Fone de Ouvido,4,1351.77,5407.08
1174,2025-02-07,Vestuário,Jaqueta,3,240.16,720.48
1175,2025-02-07,Papelaria,Estojo,3,116.53,349.59
1176,2025-02-07,Alimentos,Chocolate,2,9.04,18.08
1176,2025-02-07,Vestuário,Boné,2,137.84,275.68
1176,2025-02-07,Eletrônicos,Smartphone,4,1880.32,7521.28
1177,2025-02-07,Papelaria,Caderno,2,34.04,68.08
1177,2025-02-07,Papelaria,Estojo,1,9.22,9.22
1177,2025-02-07,Móveis,Sofá,1,1239.11,1239.11
1178,2025-02-07,Papelaria,Mochila,2,17.87,35.74
1178,2025-02-07,Vestuário,Camiseta,4,199.97,799.88
1178,2025-02-07,Vestuário,Boné,3,234.8,704.4
1179,2025-02-08,Papelaria,Agenda,3,60.19,180.57
1179,2025-02-08,Alimentos,Chocolate,1,22.77,22.77
1180,2025-02-08,Alimentos,Chocolate,2,23.85,47.7
1181,2025-02-08,Móveis,Sofá,2,1791.23,3582.46
1181,2025-02-08,Papelaria,Caneta,3,26.66,79.98
1181,2025-02-08,Móveis,Luminária,3,2412.03,7236.09
1182,2025-02-08,Eletrônicos,Notebook,2,1591.04,3182.08
1182,2025-02-08,Vestuário,Calça Jeans,4,227.71,910.84
1183,2025-02-09,Vestuário,Tênis,4,80.97,323.88
1184,2025-02-09,Eletrônicos,Smartphone,4,1716.6,6866.4
1184,2025-02-09,Móveis,Cadeira,3,317.16,951.48
1185,2025-02-09,Alimentos,Suco,2,40.78,81.56
1186,2025-02-09,Papelaria,Mochila,2,97.9,195.8
1186,2025-02-09,Móveis,Cadeira,1,861.27,861.27
1187,2025-02-09,Eletrônicos,Smartphone,1,1414.27,1414.27
1187,2025-02-09,Papelaria,Caneta,1,50.56,50.56
1187,2025-02-09,Alimentos,Suco,1,35.17,35.17
1188,2025-02-09,Eletrônicos,Fone de Ouvido,2,1024.99,2049.98
1189,2025-02-09,Alimentos,Chocolate,1,46.76,46.76
1189,2025-02-09,Alimentos,Biscoito,4,52.48,209.92
1189,2025-02-09,Vestuário,Tênis,2,38.21,76.42
1190,2025-02-09,Papelaria,Agenda,1,50.86,50.86
1191,2025-02-10,Móveis,Luminária,3,569.87,1709.61
1191,2025-02-10,Móveis,Sofá,4,2391.18,9564.72
1191,2025-02-10,Alimentos,Cereal,1,8.31,8.31
1192,2025-02-10,Alimentos,Chocolate,4,14.15,56.6
1193,2025-02-10,Papelaria,Mochila,4,111.9,447.6
1194,2025-02-10,Vestuário,Tênis,2,259.64,519.28
1194,2025-02-10,Eletrônicos,Tablet,1,1742.16,1742.16
1194,2025-02-10,Alimentos,Suco,1,14.98,14.98
1195,2025-02-10,Eletrônicos,Notebook,4,863.13,3452.52
1195,2025-02-10,Papelaria,Estojo,3,60.61,181.83
1195,2025-02-10,Eletrônicos,Smart TV,2,317.14,634.28
1196,2025-02-11,Móveis,Sofá,1,647.39,647.39
1196,2025-02-11,Vestuário,Calça Jeans,2,145.45,290.9
1197,2025-02-12,Papelaria,Estojo,1,82.21,82.21
1197,2025-02-12,Vestuário,Jaqueta,1,229.63,229.63
1197,2025-02-12,Vestuário,Boné,3,83.76,251.28
1198,2025-02-12,Eletrônicos,Tablet,4,518.5,2074.0
1198,2025-02-12,Móveis,Estante,4,1557.03,6228.12
1199,2025-02-12,Vestuário,Camiseta,1,155.09,155.09
1199,2025-02-12,Eletrônicos,Smartphone,3,3952.97,11858.91
1199,2025-02-12,Móveis,Mesa,2,1070.37,2140.74
1200,2025-02-12,Eletrônicos,Smartphone,4,210.91,843.64
1201,2025-02-13,Vestuário,Boné,4,55.41,221.64
1201,2025-02-13,Móveis,Cadeira,1,1529.8,1529.8
1202,2025-02-14,Papelaria,Caneta,4,82.0,328.0
1203,2025-02-14,Móveis,Mesa,4,1732.32,6929.28
1203,2025-02-14,Móveis,Mesa,2,899.2,1798.4
1203,2025-02-14,Vestuário,Tênis,1,241.79,241.79
1204,2025-02-14,Vestuário,Tênis,4,49.25,197.0
1204,2025-02-14,Vestuário,Tênis,1,337.73,337.73
1204,2025-02-14,Eletrônicos,Notebook,1,522.2,522.2
1205,2025-02-15,Móveis,Sofá,2,2438.0,4876.0
1205,2025-02-15,Móveis,Sofá,4,2324.8,9299.2
1205,2025-02-15,Eletrônicos,Smartphone,4,2735.5,10942.0
1206,2025-02-16,Papelaria,Caneta,4,12.26,49.04
1206,2025-02-16,Eletrônicos,Notebook,1,1465.45,1465.45
1207,2025-02-16,Vestuário,Jaqueta,1,106.5,106.5
1208,2025-02-16,Alimentos,Suco,2,20.38,40.76
1208,2025-02-16,Papelaria,Caneta,3,64.3,192.9
1208,2025-02-16,Alimentos,Suco,2,51.83,103.66
1209,2025-02-17,Papelaria,Caderno,3,42.09,126.27
1209,2025-02-17,Vestuário,Jaqueta,2,252.38,504.76
1209,2025-02-17,Papelaria,Caneta,1,78.71,78.71
1210,2025-02-17,Eletrônicos,Tablet,4,3468.76,13875.04
1210,2025-02-17,Eletrônicos,Tablet,3,1372.5,4117.5
1211,2025-02-17,Eletrônicos,Tablet,4,1565.01,6260.04
1212,2025-02-17,Vestuário,Tênis,4,73.25,293.0
1213,2025-02-17,Papelaria,Estojo,4,116.07,464.28
1214,2025-02-17,Papelaria,Caneta,3,36.94,110.82
1215,2025-02-18,Móveis,Estante,1,560.28,560.28
1215,2025-02-18,Vestuário,Jaqueta,3,271.36,814.08
1215,2025-02-18,Eletrônicos,Fone de Ouvido,1,807.06,807.06
1216,2025-02-18,Papelaria,Mochila,4,25.44,101.76
1217,2025-02-18,Papelaria,Estojo,1,119.62,119.62
1218,2025-02-18,Papelaria,Estojo,4,24.98,99.92
1219,2025-02-19,Alimentos,Cereal,2,27.78,55.56
1220,2025-02-19,Móveis,Luminária,2,1946.33,3892.66
1220,2025-02-19,Vestuário,Jaqueta,2,163.95,327.9
1220,2025-02-19,Móveis,Mesa,4,1734.34,6937.36
1221,2025-02-19,Móveis,Cadeira,2,876.4,1752.8
1221,2025-02-19,Vestuário,Boné,2,342.28,684.56
1221,2025-02-19,Móveis,Luminária,1,202.32,202.32
1222,2025-02-19,Eletrônicos,Smart TV,1,2637.45,2637.45
1222,2025-02-19,Papelaria,Agenda,4,61.15,244.6
1222,2025-02-19,Vestuário,Tênis,2,107.91,215.82
1223,2025-02-20,Eletrônicos,Smartphone,4,3264.2,13056.8
1224,2025-02-20,Eletrônicos,Notebook,4,3731.73,14926.92
1225,2025-02-20,Papelaria,Mochila,4,61.98,247.92
1226,2025-02-20,Eletrônicos,Smartphone,4,406.61,1626.44
1226,2025-02-20,Móveis,Estante,4,353.66,1414.64
1226,2025-02-20,Eletrônicos,Tablet,4,334.15,1336.6
1227,2025-02-20,Alimentos,Café,4,8.96,35.84
1228,2025-02-20,Eletrônicos,Tablet,4,2108.03,8432.12
1228,2025-02-20,Vestuário,Tênis,3,141.91,425.73
1228,2025-02-20,Alimentos,Cereal,3,15.19,45.57
1229,2025-02-20,Móveis,Luminária,4,1684.73,6738.92
1229,2025-02-20,Vestuário,Tênis,4,317.65,1270.6
1230,2025-02-21,Papelaria,Caderno,2,79.05,158.1
1230,2025-02-21,Vestuário,Calça Jeans,4,285.59,1142.36
1231,2025-02-21,Vestuário,Boné,3,216.38,649.14
1231,2025-02-21,Papelaria,Caneta,3,19.73,59.19
1231,2025-02-21,Eletrônicos,Notebook,1,1014.77,1014.77
1232,2025-02-21,Papelaria,Caneta,2,75.49,150.98
1232,2025-02-21,Papelaria,Estojo,4,18.97,75.88
1232,2025-02-21,Alimentos,Café,3,40.52,121.56
1233,2025-02-21,Eletrônicos,Smart TV,2,3687.87,7375.74
1233,2025-02-21,Móveis,Luminária,2,630.55,1261.1
1234,2025-02-22,Vestuário,Boné,4,249.3,997.2
1234,2025-02-22,Alimentos,Chocolate,3,16.74,50.22
1235,2025-02-22,Papelaria,Agenda,1,52.54,52.54
1235,2025-02-22,Móveis,Cadeira,3,1320.07,3960.21
1235,2025-02-22,Alimentos,Biscoito,4,10.16,40.64
1236,2025-02-22,Eletrônicos,Tablet,2,766.28,1532.56
1236,2025-02-22,Vestuário,Camiseta,3,267.35,802.05
1236,2025-02-22,Eletrônicos,Smart TV,4,531.84,2127.36
1237,2025-02-22,Vestuário,Jaqueta,1,129.5,129.5
1237,2025-02-22,Alimentos,Cereal,4,42.83,171.32
1238,2025-02-22,Eletrônicos,Smart TV,2,2168.01,4336.02
1239,2025-02-22,Vestuário,Tênis,2,268.63,537.26
1239,2025-02-22,Eletrônicos,Notebook,4,3070.9,12283.6
1240,2025-02-22,Alimentos,Cereal,4,59.8,239.2
1240,2025-02-22,Móveis,Sofá,4,1832.97,7331.88
1240,2025-02-22,Alimentos,Chocolate,1,26.53,26.53
1241,2025-02-22,Móveis,Mesa,4,1587.01,6348.04
1241,2025-02-22,Papelaria,Caderno,1,49.58,49.58
1242,2025-02-23,Papelaria,Estojo,4,11.07,44.28
1242,2025-02-23,Vestuário,Calça Jeans,4,222.69,890.76
1243,2025-02-23,Eletrônicos,Fone de Ouvido,1,375.42,375.42
1243,2025-02-23,Papelaria,Caneta,3,86.38,259.14
1243,2025-02-23,Papelaria,Mochila,4,55.62,222.48
1244,2025-02-23,Eletrônicos,Smartphone,4,491.11,1964.44
1244,2025-02-23,Eletrônicos,Fone de Ouvido,3,3235.26,9705.78
1245,2025-02-24,Papelaria,Mochila,2,90.1,180.2
1245,2025-02-24,Móveis,Cadeira,2,1457.32,2914.64
1246,2025-02-24,Alimentos,Biscoito,2,43.51,87.02
1246,2025-02-24,Móveis,Cadeira,3,2331.08,6993.24
1247,2025-02-24,Alimentos,Chocolate,2,51.9,103.8
1248,2025-02-24,Móveis,Luminária,4,1208.16,4832.64
1248,2025-02-24,Eletrônicos,Tablet,1,1914.02,1914.02
1248,2025-02-24,Papelaria,Caneta,3,14.27,42.81
1249,2025-02-24,Vestuário,Jaqueta,1,169.79,169.79
1249,2025-02-24,Papelaria,Caderno,4,23.27,93.08
1249,2025-02-24,Papelaria,Estojo,4,50.87,203.48
1250,2025-02-24,Papelaria,Agenda,4,12.93,51.72
1251,2025-02-25,Alimentos,Suco,2,48.29,96.58
1251,2025-02-25,Vestuário,Camiseta,4,278.55,1114.2
1251,2025-02-25,Eletrônicos,Tablet,3,3434.4,10303.2
1252,2025-02-26,Eletrônicos,Fone de Ouvido,3,1487.27,4461.81
1252,2025-02-26,Vestuário,Jaqueta,3,338.29,1014.87
1253,2025-02-26,Móveis,Mesa,4,2086.88,8347.52
1253,2025-02-26,Eletrônicos,Tablet,2,3927.99,7855.98
1253,2025-02-26,Móveis,Estante,1,1840.37,1840.37
1254,2025-02-27,Móveis,Sofá,1,1103.18,1103.18
1254,2025-02-27,Eletrônicos,Smartphone,1,3924.99,3924.99
1255,2025-02-27,Papelaria,Caneta,3,67.39,202.17
1255,2025-02-27,Eletrônicos,Smartphone,2,2509.67,5019.34
1256,2025-02-27,Vestuário,Camiseta,1,167.16,167.16
1256,2025-02-27,Vestuário,Camiseta,2,244.09,488.18
1257,2025-02-27,Móveis,Sofá,4,249.46,997.84
1257,2025-02-27,Papelaria,Mochila,4,57.81,231.24
1257,2025-02-27,Alimentos,Café,3,16.08,48.24
1258,2025-02-27,Papelaria,Caneta,2,42.97,85.94
1259,2025-02-28,Papelaria,Estojo,1,34.38,34.38
1260,2025-03-01,Alimentos,Suco,4,34.63,138.52
1261,2025-03-01,Papelaria,Caderno,3,50.7,152.1
1261,2025-03-01,Alimentos,Biscoito,4,58.05,232.2
1261,2025-03-01,Papelaria,Caneta,4,15.81,63.24
1262,2025-03-01,Papelaria,Agenda,3,77.98,233.94
1263,2025-03-02,Alimentos,Biscoito,2,54.84,109.68
1263,2025-03-02,Alimentos,Café,3,37.9,113.7
1264,2025-03-02,Papelaria,Mochila,2,41.01,82.02
1265,2025-03-02,Alimentos,Café,2,49.2,98.4
1265,2025-03-02,Eletrônicos,Tablet,1,3938.82,3938.82
1266,2025-03-02,Móveis,Mesa,2,498.29,996.58
1266,2025-03-02,Vestuário,Jaqueta,3,81.91,245.73
1267,2025-03-02,Eletrônicos,Fone de Ouvido,1,2180.49,2180.49
1268,2025-03-03,Vestuário,Jaqueta,1,273.07,273.07
1268,2025-03-03,Alimentos,Chocolate,4,50.19,200.76
1269,2025-03-03,Móveis,Mesa,4,2066.21,8264.84
1270,2025-03-03,Vestuário,Boné,2,66.14,132.28
1270,2025-03-03,Eletrônicos,Tablet,2,1767.46,3534.92
1271,2025-03-03,Alimentos,Chocolate,1,46.19,46.19
1272,2025-03-03,Eletrônicos,Tablet,2,3253.85,6507.7
1272,2025-03-03,Alimentos,Cereal,1,6.71,6.71
1272,2025-03-03,Vestuário,Calça Jeans,4,130.77,523.08
1273,2025-03-04,Papelaria,Estojo,3,119.05,357.15
1274,2025-03-05,Eletrônicos,Tablet,4,1721.98,6887.92
1274,2025-03-05,Papelaria,Estojo,1,31.77,31.77
1274,2025-03-05,Alimentos,Suco,2,41.57,83.14
1275,2025-03-05,Eletrônicos,Fone de Ouvido,3,150.73,452.19
1275,2025-03-05,Alimentos,Chocolate,2,29.59,59.18
1275,2025-03-05,Papelaria,Agenda,3,67.86,203.58
1276,2025-03-05,Alimentos,Suco,4,5.99,23.96
1276,2025-03-05,Vestuário,Camiseta,3,123.51,370.53
1276,2025-03-05,Alimentos,Chocolate,4,43.46,173.84
1277,2025-03-05,Eletrônicos,Fone de Ouvido,1,2568.72,2568.72
1278,2025-03-05,Papelaria,Agenda,4,67.18,268.72
1278,2025-03-05,Eletrônicos,Smartphone,4,197.76,791.04
1278,2025-03-05,Papelaria,Caderno,1,99.82,99.82
1279,2025-03-06,Eletrônicos,Tablet,1,2433.9,2433.9
1279,2025-03-06,Móveis,Cadeira,4,784.7,3138.8
1280,2025-03-06,Alimentos,Chocolate,1,36.53,36.53
1280,2025-03-06,Móveis,Sofá,4,628.54,2514.16
1280,2025-03-06,Eletrônicos,Tablet,1,511.35,511.35
1281,2025-03-06,Papelaria,Mochila,4,100.37,401.48
1282,2025-03-07,Papelaria,Caderno,4,44.19,176.76
1282,2025-03-07,Móveis,Luminária,4,1615.14,6460.56
1283,2025-03-07,Móveis,Estante,3,669.84,2009.52
1284,2025-03-08,Alimentos,Café,3,32.84,98.52
1284,2025-03-08,Eletrônicos,Notebook,4,1543.13,6172.52
1285,2025-03-08,Vestuário,Jaqueta,4,74.81,299.24
1285,2025-03-08,Vestuário,Camiseta,1,174.15,174.15
1286,2025-03-08,Alimentos,Cereal,4,29.61,118.44
1287,2025-03-08,Móveis,Luminária,2,113.21,226.42
1288,2025-03-09,Móveis,Luminária,2,1472.92,2945.84
1288,2025-03-09,Vestuário,Jaqueta,1,44.2,44.2
1288,2025-03-09,Eletrônicos,Tablet,1,1245.56,1245.56
1289,2025-03-09,Alimentos,Cereal,1,32.91,32.91
1290,2025-03-09,Móveis,Estante,3,207.65,622.95
1290,2025-03-09,Móveis,Luminária,4,1046.98,4187.92
1290,2025-03-09,Alimentos,Suco,1,53.52,53.52
1291,2025-03-10,Móveis,Cadeira,2,1549.11,3098.22
1291,2025-03-10,Vestuário,Calça Jeans,1,242.89,242.89
1291,2025-03-10,Papelaria,Caneta,3,15.61,46.83
1292,2025-03-10,Eletrônicos,Smart TV,3,458.69,1376.07
1293,2025-03-10,Vestuário,Boné,2,247.17,494.34
1294,2025-03-10,Alimentos,Biscoito,2,5.56,11.12
1294,2025-03-10,Alimentos,Café,4,38.69,154.76
1294,2025-03-10,Alimentos,Suco,1,40.08,40.08
1295,2025-03-10,Móveis,Estante,4,1381.52,5526.08
1295,2025-03-10,Vestuário,Camiseta,4,252.36,1009.44
1296,2025-03-10,Alimentos,Café,3,9.64,28.92
1296,2025-03-10,Vestuário,Boné,1,69.36,69.36
1296,2025-03-10,Eletrônicos,Smartphone,1,409.43,409.43
1297,2025-03-11,Papelaria,Estojo,3,96.81,290.43
1297,2025-03-11,Alimentos,Suco,1,36.86,36.86
1298,2025-03-11,Alimentos,Chocolate,2,25.35,50.7
1298,2025-03-11,Papelaria,Estojo,3,84.17,252.51
1298,2025-03-11,Vestuário,Tênis,4,167.77,671.08
1299,2025-03-11,Eletrônicos,Smartphone,3,3794.58,11383.74
1300,2025-03-11,Vestuário,Tênis,3,151.25,453.75
1301,2025-03-12,Eletrônicos,Tablet,4,2194.68,8778.72
1302,2025-03-12,Eletrônicos,Smart TV,2,794.33,1588.66
1302,2025-03-12,Móveis,Estante,1,1376.59,1376.59
1303,2025-03-13,Alimentos,Cereal,2,13.8,27.6
1303,2025-03-13,Alimentos,Biscoito,2,30.22,60.44
1304,2025-03-14,Papelaria,Caneta,1,100.07,100.07
1304,2025-03-14,Móveis,Luminária,2,1556.51,3113.02
1304,2025-03-14,Papelaria,Caderno,4,49.33,197.32
1305,2025-03-14,Papelaria,Agenda,1,22.73,22.73
1305,2025-03-14,Móveis,Mesa,1,504.01,504.01
1306,2025-03-14,Alimentos,Cereal,4,21.63,86.52
1306,2025-03-14,Móveis,Estante,1,525.21,525.21
1306,2025-03-14,Papelaria,Agenda,3,116.14,348.42
1307,2025-03-15,Alimentos,Suco,1,27.1,27.1
1307,2025-03-15,Alimentos,Suco,2,21.53,43.06
1308,2025-03-15,Vestuário,Jaqueta,1,94.42,94.42
1309,2025-03-15,Eletrônicos,Tablet,3,2240.64,6721.92
1310,2025-03-15,Alimentos,Biscoito,2,37.95,75.9
1310,2025-03-15,Móveis,Sofá,2,191.16,382.32
1310,2025-03-15,Alimentos,Suco,4,8.18,32.72
1311,2025-03-16,Vestuário,Tênis,1,121.45,121.45
1311,2025-03-16,Alimentos,Cereal,3,55.53,166.59
1312,2025-03-16,Eletrônicos,Fone de Ouvido,3,3593.64,10780.92
1312,2025-03-16,Vestuário,Tênis,3,294.81,884.43
1313,2025-03-16,Papelaria,Agenda,3,59.8,179.4
1313,2025-03-16,Eletrônicos,Smart TV,1,162.2,162.2
1313,2025-03-16,Eletrônicos,Smartphone,3,3588.4,10765.2
1314,2025-03-16,Alimentos,Cereal,3,6.69,20.07
1314,2025-03-16,Móveis,Mesa,1,1244.42,1244.42
1314,2025-03-16,Alimentos,Cereal,2,43.09,86.18
1315,2025-03-17,Eletrônicos,Fone de Ouvido,1,2990.8,2990.8
1315,2025-03-17,Móveis,Cadeira,1,265.67,265.67
1316,2025-03-17,Papelaria,Caderno,4,93.1,372.4
1317,2025-03-17,Vestuário,Camiseta,2,261.41,522.82
1317,2025-03-17,Papelaria,Mochila,3,45.11,135.33
1317,2025-03-17,Papelaria,Agenda,2,113.98,227.96
1318,2025-03-17,Móveis,Estante,4,1354.18,5416.72
1319,2025-03-17,Eletrônicos,Notebook,4,3208.88,12835.52
1319,2025-03-17,Papelaria,Caneta,1,13.38,13.38
1320,2025-03-17,Papelaria,Caneta,4,37.32,149.28
1320,2025-03-17,Alimentos,Biscoito,3,37.08,111.24
1320,2025-03-17,Eletrônicos,Smartphone,1,2615.83,2615.83
1321,2025-03-17,Móveis,Estante,1,958.75,958.75
1322,2025-03-17,Eletrônicos,Notebook,4,2405.58,9622.32
1323,2025-03-18,Papelaria,Agenda,4,110.43,441.72
1323,2025-03-18,Vestuário,Tênis,2,188.94,377.88
1323,2025-03-18,Vestuário,Calça Jeans,3,293.61,880.83
1324,2025-03-18,Eletrônicos,Smart TV,1,1699.42,1699.42
1324,2025-03-18,Eletrônicos,Notebook,2,3164.61,6329.22
1324,2025-03-18,Eletrônicos,Notebook,2,1947.83,3895.66
1325,2025-03-18,Papelaria,Caderno,4,14.51,58.04
1326,2025-03-18,Eletrônicos,Smartphone,1,650.23,650.23
1326,2025-03-18,Alimentos,Chocolate,4,22.23,88.92
1326,2025-03-18,Vestuário,Jaqueta,1,168.82,168.82
1327,2025-03-18,Papelaria,Mochila,2,15.27,30.54
1327,2025-03-18,Vestuário,Boné,3,154.05,462.15
1328,2025-03-19,Eletrônicos,Smart TV,4,648.96,2595.84
1329,2025-03-19,Eletrônicos,Smartphone,3,555.65,1666.95
1329,2025-03-19,Alimentos,Suco,1,59.97,59.97
1329,2025-03-19,Móveis,Sofá,3,2177.97,6533.91
1330,2025-03-19,Vestuário,Jaqueta,4,148.34,593.36
1330,2025-03-19,Eletrônicos,Tablet,1,1753.54,1753.54
1330,2025-03-19,Papelaria,Caneta,1,29.38,29.38
1331,2025-03-19,Alimentos,Café,3,48.79,146.37
1331,2025-03-19,Móveis,Luminária,4,808.72,3234.88
1332,2025-03-20,Eletrônicos,Smart TV,3,478.56,1435.68
1332,2025-03-20,Alimentos,Biscoito,2,8.2,16.4
1333,2025-03-20,Vestuário,Boné,1,115.63,115.63
1333,2025-03-20,Vestuário,Boné,4,151.31,605.24
1334,2025-03-20,Eletrônicos,Smart TV,3,3803.06,11409.18
1334,2025-03-20,Eletrônicos,Fone de Ouvido,1,1706.52,1706.52
1335,2025-03-20,Papelaria,Agenda,4,58.37,233.48
1335,2025-03-20,Vestuário,Tênis,1,157.25,157.25
1336,2025-03-21,Vestuário,Jaqueta,1,152.43,152.43
1337,2025-03-21,Móveis,Luminária,3,920.33,2760.99
1337,2025-03-21,Vestuário,Tênis,4,235.4,941.6
1338,2025-03-21,Móveis,Sofá,4,1416.12,5664.48
1338,2025-03-21,Alimentos,Café,4,35.08,140.32
1338,2025-03-21,Eletrônicos,Smartphone,1,1270.91,1270.91
1339,2025-03-21,Alimentos,Suco,1,54.47,54.47
1339,2025-03-21,Eletrônicos,Tablet,4,1099.42,4397.68
1340,2025-03-21,Papelaria,Estojo,2,11.65,23.3
1341,2025-03-22,Papelaria,Caneta,1,108.05,108.05
1341,2025-03-22,Vestuário,Jaqueta,3,215.06,645.18
1342,2025-03-22,Móveis,Sofá,4,1031.6,4126.4
1343,2025-03-22,Alimentos,Café,4,23.99,95.96
1343,2025-03-22,Papelaria,Caderno,1,107.37,107.37
1343,2025-03-22,Vestuário,Calça Jeans,1,77.14,77.14
1344,2025-03-22,Alimentos,Café,3,57.69,173.07
1345,2025-03-22,Móveis,Mesa,1,1731.09,1731.09
1345,2025-03-22,Vestuário,Calça Jeans,3,87.7,263.1
1346,2025-03-22,Alimentos,Biscoito,1,31.47,31.47
1346,2025-03-22,Alimentos,Suco,4,51.4,205.6
1347,2025-03-22,Móveis,Mesa,4,2149.08,8596.32
1347,2025-03-22,Papelaria,Caderno,3,27.65,82.95
1347,2025-03-22,Papelaria,Mochila,1,117.83,117.83
1348,2025-03-23,Vestuário,Calça Jeans,4,34.54,138.16
1348,2025-03-23,Alimentos,Biscoito,2,54.93,109.86
1349,2025-03-23,Alimentos,Cereal,2,33.68,67.36
1350,2025-03-23,Móveis,Mesa,4,1244.56,4978.24
1350,2025-03-23,Papelaria,Caderno,1,57.7,57.7
1351,2025-03-24,Papelaria,Agenda,4,48.35,193.4
1351,2025-03-24,Vestuário,Jaqueta,2,44.74,89.48
1352,2025-03-24,Alimentos,Biscoito,1,18.52,18.52
1352,2025-03-24,Alimentos,Suco,2,41.43,82.86
1353,2025-03-24,Alimentos,Chocolate,4,59.63,238.52
1354,2025-03-24,Móveis,Cadeira,4,1625.06,6500.24
1355,2025-03-25,Vestuário,Tênis,1,301.13,301.13
1355,2025-03-25,Vestuário,Calça Jeans,4,323.84,1295.36
1355,2025-03-25,Vestuário,Jaqueta,1,100.67,100.67
1356,2025-03-25,Vestuário,Camiseta,2,86.07,172.14
1357,2025-03-25,Eletrônicos,Tablet,4,1810.82,7243.28
1358,2025-03-25,Alimentos,Biscoito,2,33.42,66.84
1358,2025-03-25,Alimentos,Cereal,3,12.91,38.73
1358,2025-03-25,Vestuário,Boné,4,164.22,656.88
1359,2025-03-25,Vestuário,Tênis,4,189.21,756.84
1359,2025-03-25,Móveis,Luminária,4,712.74,2850.96
1359,2025-03-25,Alimentos,Suco,3,39.98,119.94
1360,2025-03-25,Alimentos,Biscoito,3,30.3,90.9
1360,2025-03-25,Alimentos,Biscoito,1,44.97,44.97
1361,2025-03-25,Papelaria,Mochila,1,64.3,64.3
1361,2025-03-25,Móveis,Sofá,1,1120.55,1120.55
1362,2025-03-26,Móveis,Cadeira,3,2435.39,7306.17
1362,2025-03-26,Móveis,Luminária,4,1149.96,4599.84
1363,2025-03-26,Papelaria,Estojo,3,40.66,121.98
1363,2025-03-26,Papelaria,Caderno,3,102.57,307.71
1363,2025-03-26,Vestuário,Calça Jeans,1,316.73,316.73
1364,2025-03-26,Alimentos,Cereal,2,14.99,29.98
1365,2025-03-26,Papelaria,Agenda,4,67.38,269.52
1365,2025-03-26,Eletrônicos,Fone de Ouvido,2,1745.71,3491.42
1365,2025-03-26,Vestuário,Jaqueta,2,116.09,232.18
1366,2025-03-27,Eletrônicos,Fone de Ouvido,2,3072.17,6144.34
1366,2025-03-27,Eletrônicos,Smartphone,3,2877.69,8633.07
1366,2025-03-27,Papelaria,Caderno,4,112.29,449.16
1367,2025-03-27,Alimentos,Café,2,11.71,23.42
1367,2025-03-27,Móveis,Cadeira,3,757.77,2273.31
1368,2025-03-27,Móveis,Cadeira,2,928.82,1857.64
1369,2025-03-28,Papelaria,Agenda,1,113.92,113.92
1370,2025-03-28,Alimentos,Chocolate,4,13.97,55.88
1371,2025-03-29,Papelaria,Mochila,2,6.31,12.62
1371,2025-03-29,Eletrônicos,Notebook,4,1835.0,7340.0
1371,2025-03-29,Alimentos,Biscoito,1,49.94,49.94
1372,2025-03-29,Eletrônicos,Fone de Ouvido,1,1803.94,1803.94
1373,2025-03-30,Eletrônicos,Smart TV,4,2757.04,11028.16
1373,2025-03-30,Vestuário,Jaqueta,4,190.48,761.92
1374,2025-03-30,Alimentos,Chocolate,3,50.81,152.43
1374,2025-03-30,Alimentos,Chocolate,4,18.61,74.44
1374,2025-03-30,Papelaria,Caderno,2,68.12,136.24
1375,2025-03-30,Alimentos,Biscoito,1,24.41,24.41
1376,2025-03-30,Eletrônicos,Tablet,2,2970.89,5941.78
1376,2025-03-30,Móveis,Estante,2,954.05,1908.1
1377,2025-03-30,Alimentos,Biscoito,2,8.97,17.94
1378,2025-03-30,Papelaria,Caderno,2,78.8,157.6
1378,2025-03-30,Alimentos,Biscoito,1,10.58,10.58
1378,2025-03-30,Vestuário,Calça Jeans,4,322.71,1290.84
1379,2025-03-31,Vestuário,Boné,1,343.27,343.27
1379,2025-03-31,Móveis,Mesa,1,1790.93,1790.93
1380,2025-03-31,Alimentos,Café,3,26.87,80.61
1381,2025-04-01,Alimentos,Biscoito,4,55.9,223.6
1381,2025-04-01,Alimentos,Café,4,10.06,40.24
1381,2025-04-01,Alimentos,Suco,2,10.07,20.14
1382,2025-04-01,Móveis,Mesa,2,1789.1,3578.2
1382,2025-04-01,Alimentos,Chocolate,4,29.79,119.16
1383,2025-04-01,Eletrônicos,Fone de Ouvido,4,1193.72,4774.88
1383,2025-04-01,Vestuário,Boné,3,85.71,257.13
1384,2025-04-01,Eletrônicos,Notebook,3,2507.19,7521.57
1384,2025-04-01,Alimentos,Biscoito,2,16.14,32.28
1385,2025-04-01,Eletrônicos,Tablet,1,1721.38,1721.38
1385,2025-04-01,Móveis,Sofá,1,2347.04,2347.04
1386,2025-04-01,Eletrônicos,Notebook,1,1686.29,1686.29
1386,2025-04-01,Vestuário,Camiseta,3,189.37,568.11
1386,2025-04-01,Vestuário,Jaqueta,1,314.82,314.82
1387,2025-04-02,Alimentos,Café,2,41.89,83.78
1388,2025-04-02,Eletrônicos,Tablet,4,3528.26,14113.04
1389,2025-04-02,Eletrônicos,Smartphone,3,210.88,632.64
1389,2025-04-02,Vestuário,Jaqueta,3,176.86,530.58
1389,2025-04-02,Vestuário,Camiseta,2,245.32,490.64
1390,2025-04-02,Vestuário,Calça Jeans,3,287.63,862.89
1390,2025-04-02,Papelaria,Mochila,4,37.58,150.32
1391,2025-04-02,Alimentos,Chocolate,3,33.25,99.75
1391,2025-04-02,Alimentos,Cereal,1,47.39,47.39
1392,2025-04-03,Móveis,Mesa,3,1612.59,4837.77
1392,2025-04-03,Alimentos,Suco,4,50.85,203.4
1392,2025-04-03,Papelaria,Caneta,1,79.67,79.67
1393,2025-04-03,Papelaria,Caneta,2,99.85,199.7
1393,2025-04-03,Alimentos,Chocolate,4,6.21,24.84
1393,2025-04-03,Móveis,Estante,4,1278.63,5114.52
1394,2025-04-03,Eletrônicos,Fone de Ouvido,2,1727.23,3454.46
1394,2025-04-03,Eletrônicos,Smartphone,1,3707.5,3707.5
1394,2025-04-03,Móveis,Luminária,4,1987.65,7950.6
1395,2025-04-03,Vestuário,Jaqueta,4,290.52,1162.08
1396,2025-04-03,Alimentos,Suco,4,20.91,83.64
1396,2025-04-03,Papelaria,Estojo,2,55.98,111.96
1396,2025-04-03,Eletrônicos,Tablet,2,3008.74,6017.48
1397,2025-04-03,Móveis,Luminária,2,884.18,1768.36
1398,2025-04-04,Eletrônicos,Fone de Ouvido,3,3341.15,10023.45
1399,2025-04-04,Eletrônicos,Tablet,1,2756.22,2756.22
1399,2025-04-04,Papelaria,Mochila,3,52.67,158.01
1400,2025-04-04,Eletrônicos,Tablet,3,1917.88,5753.64
1400,2025-04-04,Móveis,Sofá,3,651.04,1953.12
1401,2025-04-05,Alimentos,Chocolate,2,53.49,106.98
1401,2025-04-05,Vestuário,Tênis,2,216.29,432.58
1402,2025-04-05,Vestuário,Tênis,3,129.52,388.56
1403,2025-04-05,Alimentos,Suco,3,36.46,109.38
1403,2025-04-05,Móveis,Cadeira,2,1097.86,2195.72
1403,2025-04-05,Eletrônicos,Fone de Ouvido,4,2764.07,11056.28
1404,2025-04-05,Vestuário,Camiseta,2,95.17,190.34
1404,2025-04-05,Alimentos,Biscoito,2,52.88,105.76
1404,2025-04-05,Móveis,Luminária,1,1771.91,1771.91
1405,2025-04-05,Móveis,Mesa,1,1329.48,1329.48
1406,2025-04-05,Vestuário,Camiseta,2,247.25,494.5
1407,2025-04-05,Móveis,Cadeira,1,143.5,143.5
1408,2025-04-06,Móveis,Cadeira,1,2198.01,2198.01
1409,2025-04-06,Papelaria,Mochila,3,37.83,113.49
1409,2025-04-06,Móveis,Estante,1,2069.44,2069.44
1409,2025-04-06,Móveis,Estante,2,132.08,264.16
1410,2025-04-06,Eletrônicos,Notebook,4,3621.83,14487.32
1410,2025-04-06,Vestuário,Tênis,4,88.15,352.6
1411,2025-04-06,Papelaria,Estojo,1,79.56,79.56
1411,2025-04-06,Vestuário,Calça Jeans,2,194.28,388.56
1411,2025-04-06,Papelaria,Agenda,1,69.29,69.29
1412,2025-04-06,Alimentos,Cereal,4,24.28,97.12
1412,2025-04-06,Alimentos,Suco,4,30.53,122.12
1412,2025-04-06,Alimentos,Chocolate,4,24.25,97.0
1413,2025-04-06,Alimentos,Chocolate,1,41.39,41.39
1413,2025-04-06,Eletrônicos,Smart TV,2,2583.16,5166.32
1413,2025-04-06,Móveis,Cadeira,1,1494.44,1494.44
1414,2025-04-06,Vestuário,Boné,2,196.74,393.48
1414,2025-04-06,Vestuário,Tênis,1,74.9,74.9
1415,2025-04-06,Papelaria,Agenda,4,49.46,197.84
1415,2025-04-06,Eletrônicos,Smart TV,2,1654.41,3308.82
1415,2025-04-06,Eletrônicos,Fone de Ouvido,2,1817.68,3635.36
1416,2025-04-07,Alimentos,Café,3,18.28,54.84
1416,2025-04-07,Vestuário,Tênis,3,261.79,785.37
1417,2025-04-07,Eletrônicos,Notebook,4,2830.2,11320.8
1417,2025-04-07,Alimentos,Chocolate,2,29.79,59.58
1417,2025-04-07,Eletrônicos,Smartphone,2,1166.64,2333.28
1418,2025-04-07,Móveis,Cadeira,4,1368.94,5475.76
1418,2025-04-07,Papelaria,Agenda,1,84.88,84.88
1418,2025-04-07,Alimentos,Suco,2,50.31,100.62
1419,2025-04-07,Móveis,Sofá,3,1207.66,3622.98
1419,2025-04-07,Papelaria,Caneta,4,85.38,341.52
1419,2025-04-07,Eletrônicos,Smart TV,1,986.34,986.34
1420,2025-04-07,Móveis,Luminária,3,2232.31,6696.93
1420,2025-04-07,Móveis,Sofá,2,193.55,387.1
1420,2025-04-07,Eletrônicos,Fone de Ouvido,3,2129.67,6389.01
1421,2025-04-08,Papelaria,Estojo,3,42.56,127.68
1421,2025-04-08,Alimentos,Biscoito,1,52.19,52.19
1421,2025-04-08,Alimentos,Cereal,4,36.41,145.64
1422,2025-04-08,Móveis,Cadeira,3,2406.78,7220.34
1423,2025-04-08,Móveis,Estante,2,1074.43,2148.86
1423,2025-04-08,Papelaria,Agenda,2,31.68,63.36
1423,2025-04-08,Vestuário,Camiseta,4,273.94,1095.76
1424,2025-04-08,Alimentos,Chocolate,4,35.99,143.96
1424,2025-04-08,Móveis,Luminária,3,1065.6,3196.8
1424,2025-04-08,Eletrônicos,Smart TV,3,3964.11,11892.33
1425,2025-04-08,Alimentos,Chocolate,3,43.91,131.73
1425,2025-04-08,Eletrônicos,Smart TV,3,2342.52,7027.56
1425,2025-04-08,Alimentos,Chocolate,1,23.8,23.8
1426,2025-04-08,Alimentos,Biscoito,4,59.76,239.04
1426,2025-04-08,Vestuário,Tênis,2,305.53,611.06
1426,2025-04-08,Papelaria,Caderno,4,62.96,251.84
1427,2025-04-09,Eletrônicos,Fone de Ouvido,1,2833.97,2833.97
1428,2025-04-09,Vestuário,Jaqueta,3,269.29,807.87
1428,2025-04-09,Papelaria,Caderno,4,25.63,102.52
1429,2025-04-09,Vestuário,Camiseta,2,297.96,595.92
1429,2025-04-09,Vestuário,Tênis,1,249.33,249.33
1430,2025-04-09,Alimentos,Cereal,4,29.95,119.8
1430,2025-04-09,Papelaria,Mochila,2,78.49,156.98
1430,2025-04-09,Móveis,Luminária,1,1502.8,1502.8
1431,2025-04-09,Vestuário,Tênis,3,55.14,165.42
1431,2025-04-09,Papelaria,Mochila,4,10.98,43.92
1432,2025-04-10,Papelaria,Estojo,2,33.32,66.64
1433,2025-04-11,Eletrônicos,Fone de Ouvido,1,922.13,922.13
1433,2025-04-11,Vestuário,Camiseta,3,229.24,687.72
1433,2025-04-11,Eletrônicos,Tablet,4,390.22,1560.88
1434,2025-04-11,Móveis,Sofá,4,2060.74,8242.96
1434,2025-04-11,Vestuário,Boné,3,57.23,171.69
1434,2025-04-11,Vestuário,Calça Jeans,2,163.19,326.38
1435,2025-04-11,Alimentos,Suco,4,8.04,32.16
1435,2025-04-11,Vestuário,Tênis,4,170.31,681.24
1436,2025-04-11,Móveis,Cadeira,4,2422.63,9690.52
1436,2025-04-11,Papelaria,Mochila,4,42.52,170.08
1436,2025-04-11,Móveis,Sofá,4,2083.88,8335.52
1437,2025-04-11,Papelaria,Agenda,4,39.79,159.16
1438,2025-04-12,Vestuário,Jaqueta,4,210.29,841.16
1438,2025-04-12,Móveis,Mesa,2,1313.22,2626.44
1438,2025-04-12,Alimentos,Suco,2,20.05,40.1
1439,2025-04-12,Eletrônicos,Smartphone,3,1919.4,5758.2
1439,2025-04-12,Vestuário,Camiseta,1,258.86,258.86
1439,2025-04-12,Vestuário,Camiseta,1,91.03,91.03
1440,2025-04-12,Alimentos,Suco,3,47.74,143.22
1440,2025-04-12,Vestuário,Boné,1,346.62,346.62
1441,2025-04-13,Vestuário,Boné,3,267.33,801.99
1442,2025-04-14,Papelaria,Mochila,2,92.68,185.36
1442,2025-04-14,Móveis,Luminária,1,2383.47,2383.47
1442,2025-04-14,Alimentos,Biscoito,2,36.86,73.72
1443,2025-04-14,Papelaria,Estojo,1,68.56,68.56
1443,2025-04-14,Móveis,Estante,2,438.94,877.88
1444,2025-04-14,Alimentos,Suco,2,31.99,63.98
1445,2025-04-14,Móveis,Cadeira,4,1985.54,7942.16
1445,2025-04-14,Alimentos,Chocolate,3,25.21,75.63
1446,2025-04-14,Alimentos,Biscoito,2,48.78,97.56
1447,2025-04-15,Vestuário,Tênis,2,109.89,219.78
1448,2025-04-15,Móveis,Mesa,4,2002.23,8008.92
1449,2025-04-16,Eletrônicos,Notebook,3,1062.78,3188.34
1450,2025-04-16,Alimentos,Chocolate,1,48.22,48.22
1451,2025-04-16,Móveis,Cadeira,1,1954.04,1954.04
1451,2025-04-16,Vestuário,Calça Jeans,2,194.14,388.28
1451,2025-04-16,Móveis,Mesa,2,1054.88,2109.76
1452,2025-04-17,Alimentos,Suco,4,41.85,167.4
1453,2025-04-17,Papelaria,Agenda,4,10.78,43.12
1453,2025-04-17,Eletrônicos,Smartphone,2,1836.99,3673.98
1454,2025-04-17,Eletrônicos,Smart TV,2,246.14,492.28
1454,2025-04-17,Eletrônicos,Smart TV,2,2939.7,5879.4
1454,2025-04-17,Eletrônicos,Smartphone,3,878.19,2634.57
1455,2025-04-18,Eletrônicos,Smartphone,1,1062.19,1062.19
1455,2025-04-18,Móveis,Luminária,4,2104.16,8416.64
1455,2025-04-18,Vestuário,Boné,3,269.82,809.46
1456,2025-04-18,Eletrônicos,Smartphone,3,1052.54,3157.62
1456,2025-04-18,Eletrônicos,Tablet,3,3851.75,11555.25
1457,2025-04-18,Papelaria,Mochila,3,75.32,225.96
1457,2025-04-18,Papelaria,Caneta,1,76.26,76.26
1457,2025-04-18,Alimentos,Suco,2,45.65,91.3
1458,2025-04-18,Alimentos,Suco,4,57.98,231.92
1459,2025-04-19,Alimentos,Suco,2,19.36,38.72
1459,2025-04-19,Eletrônicos,Smart TV,4,865.07,3460.28
1460,2025-04-19,Papelaria,Estojo,3,23.96,71.88
1460,2025-04-19,Papelaria,Agenda,2,56.37,112.74
1461,2025-04-19,Vestuário,Calça Jeans,4,319.53,1278.12
1461,2025-04-19,Vestuário,Jaqueta,1,319.4,319.4
1461,2025-04-19,Alimentos,Chocolate,1,56.78,56.78
1462,2025-04-19,Alimentos,Suco,4,52.57,210.28
1462,2025-04-19,Vestuário,Calça Jeans,2,303.96,607.92
1462,2025-04-19,Papelaria,Estojo,3,109.56,328.68
1463,2025-04-19,Eletrônicos,Smartphone,3,2959.39,8878.17
1463,2025-04-19,Vestuário,Boné,1,167.59,167.59
1463,2025-04-19,Papelaria,Agenda,1,89.52,89.52
1464,2025-04-20,Eletrônicos,Tablet,2,2396.88,4793.76
1464,2025-04-20,Móveis,Cadeira,4,208.6,834.4
1464,2025-04-20,Papelaria,Mochila,4,112.13,448.52
1465,2025-04-20,Alimentos,Chocolate,4,35.83,143.32
1465,2025-04-20,Eletrônicos,Fone de Ouvido,1,3233.78,3233.78
1465,2025-04-20,Vestuário,Boné,1,54.21,54.21
1466,2025-04-20,Móveis,Luminária,3,643.06,1929.18
1466,2025-04-20,Vestuário,Camiseta,3,253.91,761.73
1466,2025-04-20,Alimentos,Suco,3,17.27,51.81
1467,2025-04-21,Vestuário,Boné,2,106.82,213.64
1467,2025-04-21,Papelaria,Caderno,3,84.58,253.74
1467,2025-04-21,Móveis,Cadeira,3,706.86,2120.58
1468,2025-04-21,Vestuário,Boné,2,268.46,536.92
1468,2025-04-21,Alimentos,Biscoito,2,48.67,97.34
1469,2025-04-21,Eletrônicos,Smartphone,1,2295.65,2295.65
1469,2025-04-21,Eletrônicos,Smartphone,1,1529.59,1529.59
1469,2025-04-21,Alimentos,Biscoito,1,36.71,36.71
1470,2025-04-21,Móveis,Cadeira,4,761.82,3047.28
1470,2025-04-21,Alimentos,Suco,2,11.53,23.06
1470,2025-04-21,Vestuário,Camiseta,2,164.64,329.28
1471,2025-04-21,Móveis,Mesa,2,1078.6,2157.2
1471,2025-04-21,Alimentos,Chocolate,1,58.41,58.41
1472,2025-04-21,Móveis,Sofá,3,379.26,1137.78
1473,2025-04-22,Vestuário,Tênis,1,290.69,290.69
1473,2025-04-22,Móveis,Cadeira,2,2258.22,4516.44
1473,2025-04-22,Eletrônicos,Fone de Ouvido,1,1516.36,1516.36
1474,2025-04-22,Vestuário,Boné,3,52.43,157.29
1474,2025-04-22,Papelaria,Mochila,4,8.35,33.4
1475,2025-04-22,Papelaria,Agenda,4,30.31,121.24
1475,2025-04-22,Móveis,Mesa,2,1436.9,2873.8
1476,2025-04-23,Vestuário,Boné,3,231.54,694.62
1476,2025-04-23,Vestuário,Calça Jeans,1,43.78,43.78
1476,2025-04-23,Móveis,Sofá,2,1165.37,2330.74
1477,2025-04-23,Móveis,Mesa,4,669.15,2676.6
1478,2025-04-23,Vestuário,Calça Jeans,2,109.84,219.68
1479,2025-04-23,Móveis,Mesa,4,1475.3,5901.2
1480,2025-04-23,Alimentos,Chocolate,1,5.35,5.35
1480,2025-04-23,Papelaria,Estojo,3,31.9,95.7
1480,2025-04-23,Móveis,Estante,4,2372.21,9488.84
1481,2025-04-24,Eletrônicos,Notebook,1,613.49,613.49
1481,2025-04-24,Eletrônicos,Notebook,3,2547.6,7642.8
1482,2025-04-24,Papelaria,Caderno,1,23.43,23.43
1483,2025-04-24,Eletrônicos,Notebook,1,3607.16,3607.16
1483,2025-04-24,Vestuário,Camiseta,3,46.77,140.31
1483,2025-04-24,Papelaria,Caneta,3,13.83,41.49
1484,2025-04-24,Móveis,Luminária,3,2375.8,7127.4
1484,2025-04-24,Eletrônicos,Notebook,2,3716.89,7433.78
1484,2025-04-24,Vestuário,Jaqueta,1,42.61,42.61
1485,2025-04-24,Vestuário,Jaqueta,2,39.17,78.34
1485,2025-04-24,Eletrônicos,Smart TV,3,1357.77,4073.31
1485,2025-04-24,Vestuário,Tênis,4,146.52,586.08
1486,2025-04-25,Papelaria,Estojo,3,52.21,156.63
1486,2025-04-25,Eletrônicos,Tablet,4,1372.59,5490.36
1487,2025-04-25,Móveis,Mesa,4,328.87,1315.48
1488,2025-04-25,Móveis,Sofá,3,789.58,2368.74
1488,2025-04-25,Vestuário,Boné,1,308.6,308.6
1489,2025-04-25,Móveis,Estante,3,1262.54,3787.62
1490,2025-04-25,Papelaria,Mochila,1,29.87,29.87
1490,2025-04-25,Móveis,Estante,1,2285.93,2285.93
1491,2025-04-25,Papelaria,Caneta,4,51.97,207.88
1492,2025-04-26,Móveis,Sofá,4,2226.61,8906.44
1492,2025-04-26,Papelaria,Caderno,3,31.45,94.35
1493,2025-04-26,Papelaria,Caderno,4,21.23,84.92
1493,2025-04-26,Papelaria,Caneta,4,50.65,202.6
1494,2025-04-26,Alimentos,Biscoito,4,9.51,38.04
1494,2025-04-26,Móveis,Sofá,2,294.95,589.9
1494,2025-04-26,Eletrônicos,Notebook,4,2092.78,8371.12
1495,2025-04-26,Vestuário,Jaqueta,1,214.9,214.9
1495,2025-04-26,Alimentos,Biscoito,3,47.24,141.72
1495,2025-04-26,Papelaria,Caneta,4,54.16,216.64
1496,2025-04-26,Móveis,Estante,3,769.45,2308.35
1497,2025-04-27,Papelaria,Caderno,4,107.34,429.36
1497,2025-04-27,Eletrônicos,Smart TV,3,3156.54,9469.62
1498,2025-04-27,Vestuário,Tênis,2,62.91,125.82
1498,2025-04-27,Alimentos,Chocolate,1,42.06,42.06
1499,2025-04-28,Vestuário,Camiseta,4,248.41,993.64
1499,2025-04-28,Papelaria,Estojo,1,93.39,93.39
1500,2025-04-28,Papelaria,Caneta,1,31.83,31.83
1500,2025-04-28,Eletrônicos,Notebook,2,1116.66,2233.32
1501,2025-04-29,Vestuário,Calça Jeans,4,220.13,880.52
1502,2025-04-29,Papelaria,Caneta,4,6.57,26.28
1503,2025-04-29,Vestuário,Tênis,2,184.47,368.94
1504,2025-04-30,Eletrônicos,Notebook,4,344.1,1376.4
1504,2025-04-30,Móveis,Sofá,3,498.16,1494.48
1504,2025-04-30,Móveis,Mesa,1,1412.07,1412.07
1505,2025-04-30,Vestuário,Calça Jeans,4,160.11,640.44
1505,2025-04-30,Papelaria,Agenda,2,38.74,77.48
1506,2025-04-30,Móveis,Sofá,4,1553.16,6212.64
1506,2025-04-30,Eletrônicos,Tablet,2,2766.59,5533.18
1506,2025-04-30,Alimentos,Biscoito,3,19.96,59.88
1507,2025-05-01,Papelaria,Caderno,2,81.48,162.96
1507,2025-05-01,Móveis,Sofá,2,2318.21,4636.42
1508,2025-05-01,Papelaria,Caneta,3,41.6,124.8
1508,2025-05-01,Papelaria,Mochila,3,39.36,118.08
1508,2025-05-01,Eletrônicos,Tablet,1,2891.73,2891.73
1509,2025-05-01,Móveis,Estante,1,2076.66,2076.66
1509,2025-05-01,Eletrônicos,Tablet,1,477.47,477.47
1509,2025-05-01,Vestuário,Boné,3,346.43,1039.29
1510,2025-05-02,Alimentos,Cereal,2,34.25,68.5
1510,2025-05-02,Alimentos,Suco,1,37.05,37.05
1510,2025-05-02,Vestuário,Boné,1,127.84,127.84
1511,2025-05-02,Móveis,Sofá,1,1737.26,1737.26
1511,2025-05-02,Alimentos,Café,3,39.78,119.34
1512,2025-05-03,Papelaria,Mochila,2,62.5,125.0
1512,2025-05-03,Alimentos,Biscoito,1,47.92,47.92
1512,2025-05-03,Papelaria,Caderno,4,37.72,150.88
1513,2025-05-03,Móveis,Luminária,3,2139.9,6419.7
1513,2025-05-03,Papelaria,Caneta,3,65.21,195.63
1513,2025-05-03,Vestuário,Jaqueta,1,118.91,118.91
1514,2025-05-03,Alimentos,Suco,3,31.08,93.24
1514,2025-05-03,Alimentos,Chocolate,3,21.26,63.78
1514,2025-05-03,Vestuário,Jaqueta,2,116.97,233.94
1515,2025-05-04,Alimentos,Biscoito,4,59.81,239.24
1515,2025-05-04,Vestuário,Tênis,1,144.76,144.76
1515,2025-05-04,Móveis,Luminária,1,857.86,857.86
1516,2025-05-04,Eletrônicos,Tablet,1,2853.11,2853.11
1517,2025-05-04,Papelaria,Mochila,3,112.02,336.06
1517,2025-05-04,Vestuário,Jaqueta,1,148.41,148.41
1518,2025-05-04,Móveis,Mesa,3,1502.9,4508.7
1518,2025-05-04,Eletrônicos,Notebook,1,3290.71,3290.71
1518,2025-05-04,Alimentos,Café,2,32.83,65.66
1519,2025-05-04,Papelaria,Caderno,2,17.23,34.46
1519,2025-05-04,Papelaria,Agenda,2,105.36,210.72
1519,2025-05-04,Eletrônicos,Fone de Ouvido,3,150.72,452.16
1520,2025-05-04,Móveis,Sofá,4,1052.68,4210.72
1520,2025-05-04,Eletrônicos,Notebook,1,2962.4,2962.4
1520,2025-05-04,Vestuário,Camiseta,2,78.46,156.92
1521,2025-05-05,Papelaria,Caderno,1,19.58,19.58
1521,2025-05-05,Papelaria,Caneta,4,9.38,37.52
1521,2025-05-05,Alimentos,Chocolate,3,16.82,50.46
1522,2025-05-05,Vestuário,Camiseta,4,61.55,246.2
1522,2025-05-05,Móveis,Estante,4,809.12,3236.48
1523,2025-05-06,Alimentos,Cereal,4,28.8,115.2
1524,2025-05-06,Eletrônicos,Notebook,1,1959.17,1959.17
1525,2025-05-06,Alimentos,Chocolate,2,39.66,79.32
1525,2025-05-06,Papelaria,Caneta,3,40.3,120.9
1526,2025-05-07,Papelaria,Mochila,3,64.37,193.11
1526,2025-05-07,Móveis,Cadeira,2,2248.16,4496.32
1527,2025-05-07,Papelaria,Mochila,2,44.31,88.62
1528,2025-05-07,Papelaria,Agenda,2,37.24,74.48
1529,2025-05-07,Vestuário,Tênis,4,37.72,150.88
1530,2025-05-08,Vestuário,Camiseta,3,297.32,891.96
1531,2025-05-08,Alimentos,Suco,4,15.97,63.88
1531,2025-05-08,Eletrônicos,Notebook,2,3229.17,6458.34
1532,2025-05-08,Papelaria,Caneta,1,95.21,95.21
1532,2025-05-08,Móveis,Estante,2,2399.07,4798.14
1533,2025-05-09,Eletrônicos,Notebook,4,861.63,3446.52
1534,2025-05-09,Móveis,Mesa,3,780.07,2340.21
1535,2025-05-10,Alimentos,Cereal,4,15.15,60.6
1536,2025-05-10,Alimentos,Suco,1,26.88,26.88
1537,2025-05-11,Móveis,Luminária,1,2487.0,2487.0
1537,2025-05-11,Papelaria,Agenda,3,18.06,54.18
1537,2025-05-11,Vestuário,Camiseta,1,318.88,318.88
1538,2025-05-11,Papelaria,Caderno,4,43.0,172.0
1539,2025-05-11,Eletrônicos,Smartphone,1,3757.17,3757.17
1539,2025-05-11,Eletrônicos,Smart TV,4,624.64,2498.56
1540,2025-05-11,Eletrônicos,Smart TV,3,1528.84,4586.52
1540,2025-05-11,Móveis,Estante,2,212.74,425.48
1541,2025-05-11,Alimentos,Suco,4,9.22,36.88
1542,2025-05-12,Eletrônicos,Smart TV,4,2381.53,9526.12
1542,2025-05-12,Eletrônicos,Notebook,2,309.5,619.0
1542,2025-05-12,Móveis,Luminária,4,506.81,2027.24
1543,2025-05-13,Eletrônicos,Fone de Ouvido,3,3398.46,10195.38
1543,2025-05-13,Móveis,Mesa,2,2198.34,4396.68
1544,2025-05-13,Papelaria,Caderno,3,77.53,232.59
1545,2025-05-13,Alimentos,Chocolate,4,49.58,198.32
1545,2025-05-13,Papelaria,Estojo,3,71.51,214.53
1545,2025-05-13,Papelaria,Mochila,2,12.82,25.64
1546,2025-05-13,Móveis,Mesa,3,2236.33,6708.99
1547,2025-05-13,Móveis,Sofá,4,2491.66,9966.64
1547,2025-05-13,Papelaria,Mochila,2,50.54,101.08
1547,2025-05-13,Papelaria,Agenda,1,54.92,54.92
1548,2025-05-13,Eletrônicos,Smartphone,3,1514.35,4543.05
1549,2025-05-14,Móveis,Cadeira,3,577.15,1731.45
1550,2025-05-14,Papelaria,Caneta,3,12.95,38.85
1551,2025-05-14,Vestuário,Calça Jeans,3,43.86,131.58
1551,2025-05-14,Alimentos,Café,1,45.96,45.96
1551,2025-05-14,Móveis,Mesa,1,1331.62,1331.62
1552,2025-05-14,Eletrônicos,Smart TV,1,1156.13,1156.13
1553,2025-05-14,Papelaria,Caderno,2,26.02,52.04
1554,2025-05-16,Vestuário,Jaqueta,3,85.81,257.43
1554,2025-05-16,Eletrônicos,Fone de Ouvido,1,2558.88,2558.88
1555,2025-05-16,Móveis,Estante,4,2251.78,9007.12
1556,2025-05-16,Móveis,Cadeira,3,2168.0,6504.0
1557,2025-05-17,Eletrônicos,Notebook,2,846.02,1692.04
1558,2025-05-17,Vestuário,Calça Jeans,1,169.52,169.52
1558,2025-05-17,Móveis,Mesa,1,261.7,261.7
1558,2025-05-17,Alimentos,Chocolate,1,47.5,47.5
1559,2025-05-17,Papelaria,Estojo,3,46.44,139.32
1559,2025-05-17,Papelaria,Caderno,2,40.51,81.02
1560,2025-05-17,Alimentos,Café,3,53.74,161.22
1561,2025-05-17,Papelaria,Caneta,1,106.88,106.88
1562,2025-05-18,Eletrônicos,Tablet,1,153.58,153.58
1562,2025-05-18,Móveis,Mesa,4,2161.87,8647.48
1563,2025-05-18,Papelaria,Agenda,4,32.49,129.96
1564,2025-05-18,Papelaria,Caneta,4,83.26,333.04
1565,2025-05-18,Móveis,Luminária,3,828.13,2484.39
1565,2025-05-18,Móveis,Cadeira,4,464.53,1858.12
1565,2025-05-18,Papelaria,Caderno,1,25.98,25.98
1566,2025-05-18,Vestuário,Tênis,2,96.18,192.36
1567,2025-05-19,Alimentos,Cereal,2,5.37,10.74
1568,2025-05-19,Eletrônicos,Smart TV,4,3210.97,12843.88
1568,2025-05-19,Alimentos,Café,4,41.17,164.68
1568,2025-05-19,Alimentos,Café,3,8.43,25.29
1569,2025-05-20,Vestuário,Camiseta,1,126.79,126.79
1569,2025-05-20,Alimentos,Chocolate,1,47.06,47.06
1569,2025-05-20,Vestuário,Boné,3,135.01,405.03
1570,2025-05-20,Alimentos,Chocolate,2,18.4,36.8
1571,2025-05-21,Alimentos,Cereal,4,57.02,228.08
1571,2025-05-21,Alimentos,Café,1,59.26,59.26
1571,2025-05-21,Papelaria,Mochila,2,105.4,210.8
1572,2025-05-21,Alimentos,Café,2,31.15,62.3
1573,2025-05-21,Papelaria,Caderno,2,99.36,198.72
1573,2025-05-21,Móveis,Cadeira,4,554.07,2216.28
1573,2025-05-21,Móveis,Cadeira,1,838.9,838.9
1574,2025-05-21,Móveis,Estante,2,1802.53,3605.06
1574,2025-05-21,Alimentos,Suco,4,30.78,123.12
1574,2025-05-21,Móveis,Luminária,1,971.16,971.16
1575,2025-05-21,Vestuário,Calça Jeans,2,128.02,256.04
1575,2025-05-21,Alimentos,Chocolate,4,39.73,158.92
1575,2025-05-21,Alimentos,Biscoito,4,21.4,85.6
1576,2025-05-22,Papelaria,Caderno,2,24.73,49.46
1576,2025-05-22,Móveis,Luminária,2,1098.07,2196.14
1576,2025-05-22,Alimentos,Chocolate,2,9.04,18.08
1577,2025-05-22,Móveis,Sofá,1,1113.26,1113.26
1578,2025-05-22,Alimentos,Biscoito,2,50.11,100.22
1578,2025-05-22,Eletrônicos,Fone de Ouvido,2,1913.41,3826.82
1579,2025-05-22,Vestuário,Tênis,2,194.12,388.24
1579,2025-05-22,Eletrônicos,Smartphone,4,1825.76,7303.04
1579,2025-05-22,Alimentos,Café,1,36.39,36.39
1580,2025-05-22,Vestuário,Camiseta,3,63.73,191.19
1581,2025-05-23,Eletrônicos,Notebook,3,2932.72,8798.16
1581,2025-05-23,Eletrônicos,Smartphone,4,608.69,2434.76
1582,2025-05-23,Vestuário,Jaqueta,4,149.94,599.76
1583,2025-05-23,Papelaria,Caneta,4,17.72,70.88
1584,2025-05-23,Vestuário,Calça Jeans,4,90.76,363.04
1584,2025-05-23,Eletrônicos,Tablet,2,462.48,924.96
1585,2025-05-24,Vestuário,Calça Jeans,3,42.06,126.18
1585,2025-05-24,Vestuário,Calça Jeans,2,209.98,419.96
1586,2025-05-24,Vestuário,Camiseta,1,313.68,313.68
1586,2025-05-24,Papelaria,Caneta,1,16.2,16.2
1587,2025-05-24,Eletrônicos,Fone de Ouvido,2,1404.64,2809.28
1587,2025-05-24,Alimentos,Cereal,4,6.01,24.04
1588,2025-05-24,Eletrônicos,Smartphone,4,677.53,2710.12
1588,2025-05-24,Alimentos,Café,3,21.02,63.06
1588,2025-05-24,Móveis,Estante,1,2272.72,2272.72
1589,2025-05-24,Eletrônicos,Notebook,3,561.18,1683.54
1589,2025-05-24,Vestuário,Calça Jeans,2,125.38,250.76
1589,2025-05-24,Eletrônicos,Fone de Ouvido,3,2594.39,7783.17
1590,2025-05-24,Papelaria,Caneta,1,109.58,109.58
1591,2025-05-25,Alimentos,Café,1,18.58,18.58
1592,2025-05-25,Móveis,Mesa,1,1328.27,1328.27
1592,2025-05-25,Papelaria,Caneta,1,62.78,62.78
1592,2025-05-25,Eletrônicos,Fone de Ouvido,4,3569.54,14278.16
1593,2025-05-26,Móveis,Sofá,4,2011.46,8045.84
1594,2025-05-26,Papelaria,Caderno,1,22.91,22.91
1595,2025-05-26,Alimentos,Chocolate,1,17.13,17.13
1595,2025-05-26,Vestuário,Boné,4,335.81,1343.24
1596,2025-05-26,Vestuário,Camiseta,1,43.79,43.79
1596,2025-05-26,Alimentos,Café,2,43.83,87.66
1596,2025-05-26,Vestuário,Camiseta,2,192.61,385.22
1597,2025-05-26,Móveis,Mesa,3,1943.13,5829.39
1597,2025-05-26,Móveis,Mesa,1,1180.68,1180.68
1597,2025-05-26,Alimentos,Chocolate,2,39.4,78.8
1598,2025-05-26,Eletrônicos,Smartphone,4,2313.18,9252.72
1598,2025-05-26,Vestuário,Calça Jeans,4,220.87,883.48
1598,2025-05-26,Móveis,Sofá,2,417.44,834.88
1599,2025-05-26,Vestuário,Jaqueta,4,235.69,942.76
1599,2025-05-26,Eletrônicos,Fone de Ouvido,4,2893.76,11575.04
1599,2025-05-26,Alimentos,Chocolate,3,30.99,92.97
1600,2025-05-26,Móveis,Cadeira,2,1741.29,3482.58
1600,2025-05-26,Vestuário,Camiseta,1,303.17,303.17
1601,2025-05-27,Eletrônicos,Smartphone,1,1041.66,1041.66
1601,2025-05-27,Vestuário,Camiseta,4,108.58,434.32
1602,2025-05-27,Papelaria,Caderno,2,17.82,35.64
1603,2025-05-27,Vestuário,Jaqueta,2,106.87,213.74
1603,2025-05-27,Móveis,Mesa,2,1382.94,2765.88
1604,2025-05-28,Alimentos,Suco,3,37.07,111.21
1604,2025-05-28,Alimentos,Suco,3,7.73,23.19
1605,2025-05-28,Papelaria,Agenda,2,105.35,210.7
1605,2025-05-28,Papelaria,Caneta,2,53.73,107.46
1605,2025-05-28,Papelaria,Caderno,1,56.16,56.16
1606,2025-05-28,Vestuário,Camiseta,1,321.06,321.06
1606,2025-05-28,Papelaria,Caderno,4,54.55,218.2
1606,2025-05-28,Alimentos,Cereal,2,48.8,97.6
1607,2025-05-28,Papelaria,Estojo,3,113.21,339.63
1607,2025-05-28,Papelaria,Agenda,1,90.65,90.65
1607,2025-05-28,Eletrônicos,Smartphone,4,1697.22,6788.88
1608,2025-05-28,Móveis,Sofá,4,1586.09,6344.36
1608,2025-05-28,Eletrônicos,Fone de Ouvido,2,584.45,1168.9
1609,2025-05-29,Vestuário,Tênis,4,182.03,728.12
1609,2025-05-29,Vestuário,Tênis,2,201.4,402.8
1609,2025-05-29,Vestuário,Tênis,4,69.5,278.0
1610,2025-05-29,Vestuário,Camiseta,1,144.55,144.55
1610,2025-05-29,Eletrônicos,Smart TV,4,2991.95,11967.8
1611,2025-05-29,Alimentos,Suco,4,43.55,174.2
1611,2025-05-29,Papelaria,Mochila,1,44.29,44.29
1611,2025-05-29,Móveis,Sofá,4,386.51,1546.04
1612,2025-05-29,Móveis,Estante,4,560.17,2240.68
1612,2025-05-29,Alimentos,Suco,3,52.83,158.49
1612,2025-05-29,Móveis,Estante,3,1732.92,5198.76
1613,2025-05-29,Vestuário,Boné,1,256.11,256.11
1613,2025-05-29,Eletrônicos,Fone de Ouvido,1,906.47,906.47
1613,2025-05-29,Vestuário,Boné,1,269.37,269.37
1614,2025-05-30,Vestuário,Calça Jeans,3,62.44,187.32
1615,2025-05-30,Alimentos,Café,4,36.04,144.16
1615,2025-05-30,Vestuário,Boné,1,256.38,256.38
1616,2025-05-30,Eletrônicos,Smart TV,3,2393.34,7180.02
1616,2025-05-30,Vestuário,Tênis,2,273.91,547.82
1617,2025-05-30,Móveis,Estante,1,1269.31,1269.31
1617,2025-05-30,Papelaria,Caderno,2,51.91,103.82
1618,2025-05-30,Papelaria,Agenda,1,88.72,88.72
1618,2025-05-30,Papelaria,Estojo,4,14.77,59.08
1618,2025-05-30,Móveis,Mesa,1,764.21,764.21
1619,2025-05-30,Papelaria,Caderno,2,42.71,85.42
1619,2025-05-30,Móveis,Sofá,2,858.39,1716.78
1620,2025-05-30,Vestuário,Camiseta,2,229.53,459.06
1620,2025-05-30,Alimentos,Chocolate,1,42.0,42.0
1620,2025-05-30,Móveis,Cadeira,4,667.86,2671.44
1621,2025-05-30,Alimentos,Chocolate,1,9.12,9.12
1622,2025-05-31,Papelaria,Caneta,2,12.12,24.24
1623,2025-05-31,Alimentos,Chocolate,4,27.13,108.52
1624,2025-05-31,Móveis,Cadeira,2,2125.58,4251.16
1624,2025-05-31,Eletrônicos,Tablet,3,303.7,911.1
1625,2025-06-01,Papelaria,Caderno,2,116.12,232.24
1625,2025-06-01,Vestuário,Tênis,1,195.32,195.32
1625,2025-06-01,Eletrônicos,Smart TV,2,3415.5,6831.0
1626,2025-06-01,Alimentos,Chocolate,2,46.68,93.36
1627,2025-06-01,Papelaria,Caneta,4,11.47,45.88
1628,2025-06-01,Eletrônicos,Tablet,2,783.71,1567.42
1628,2025-06-01,Móveis,Estante,2,923.86,1847.72
1629,2025-06-01,Vestuário,Calça Jeans,2,270.57,541.14
1629,2025-06-01,Alimentos,Suco,1,58.0,58.0
1629,2025-06-01,Móveis,Sofá,1,291.32,291.32
1630,2025-06-01,Vestuário,Calça Jeans,4,214.21,856.84
1630,2025-06-01,Papelaria,Caderno,1,51.74,51.74
1630,2025-06-01,Móveis,Luminária,4,560.69,2242.76
1631,2025-06-02,Papelaria,Mochila,4,39.61,158.44
1631,2025-06-02,Papelaria,Agenda,4,47.89,191.56
1631,2025-06-02,Alimentos,Suco,1,38.91,38.91
1632,2025-06-02,Móveis,Luminária,1,1224.54,1224.54
1632,2025-06-02,Eletrônicos,Fone de Ouvido,1,3411.99,3411.99
1632,2025-06-02,Alimentos,Biscoito,4,59.22,236.88
1633,2025-06-02,Móveis,Mesa,4,182.64,730.56
1633,2025-06-02,Vestuário,Boné,1,126.58,126.58
1633,2025-06-02,Papelaria,Caderno,2,66.91,133.82
1634,2025-06-03,Vestuário,Boné,2,246.52,493.04
1634,2025-06-03,Alimentos,Chocolate,1,28.58,28.58
1634,2025-06-03,Eletrônicos,Smartphone,4,3096.47,12385.88
1635,2025-06-03,Vestuário,Jaqueta,2,285.36,570.72
1635,2025-06-03,Móveis,Luminária,3,1029.34,3088.02
1635,2025-06-03,Vestuário,Tênis,3,335.46,1006.38
1636,2025-06-03,Papelaria,Caderno,2,51.59,103.18
1636,2025-06-03,Papelaria,Agenda,1,54.97,54.97
1637,2025-06-03,Vestuário,Jaqueta,3,333.26,999.78
1638,2025-06-04,Papelaria,Caneta,4,111.3,445.2
1638,2025-06-04,Móveis,Mesa,3,1238.34,3715.02
1639,2025-06-04,Eletrônicos,Fone de Ouvido,3,370.96,1112.88
1639,2025-06-04,Vestuário,Calça Jeans,2,221.3,442.6
1640,2025-06-04,Papelaria,Caderno,4,37.47,149.88
1640,2025-06-04,Vestuário,Camiseta,3,251.35,754.05
1640,2025-06-04,Alimentos,Cereal,4,32.61,130.44
1641,2025-06-04,Papelaria,Caneta,3,71.94,215.82
1642,2025-06-05,Móveis,Sofá,3,2206.6,6619.8
1642,2025-06-05,Vestuário,Boné,3,49.91,149.73
1642,2025-06-05,Papelaria,Agenda,1,51.2,51.2
1643,2025-06-05,Móveis,Luminária,1,1662.0,1662.0
1643,2025-06-05,Vestuário,Tênis,4,125.32,501.28
1644,2025-06-05,Móveis,Sofá,4,645.96,2583.84
1644,2025-06-05,Móveis,Sofá,2,1002.05,2004.1
1644,2025-06-05,Móveis,Mesa,1,1196.15,1196.15
1645,2025-06-05,Móveis,Mesa,2,1204.85,2409.7
1646,2025-06-05,Papelaria,Mochila,1,64.98,64.98
1646,2025-06-05,Papelaria,Caderno,1,37.41,37.41
1646,2025-06-05,Móveis,Cadeira,1,152.43,152.43
1647,2025-06-05,Eletrônicos,Smart TV,2,2482.7,4965.4
1647,2025-06-05,Alimentos,Cereal,1,48.09,48.09
1648,2025-06-05,Eletrônicos,Tablet,4,3199.17,12796.68
1649,2025-06-05,Papelaria,Caneta,1,63.61,63.61
1649,2025-06-05,Eletrônicos,Notebook,4,2026.51,8106.04
1650,2025-06-05,Papelaria,Estojo,1,67.94,67.94
1650,2025-06-05,Papelaria,Agenda,2,21.42,42.84
1650,2025-06-05,Eletrônicos,Tablet,1,3321.04,3321.04
1651,2025-06-06,Eletrônicos,Tablet,3,2115.27,6345.81
1651,2025-06-06,Papelaria,Estojo,2,18.27,36.54
1651,2025-06-06,Móveis,Estante,1,720.91,720.91
1652,2025-06-06,Eletrônicos,Smartphone,3,2557.08,7671.24
1652,2025-06-06,Alimentos,Chocolate,4,57.84,231.36
1652,2025-06-06,Eletrônicos,Smartphone,2,242.56,485.12
1653,2025-06-06,Papelaria,Mochila,3,89.31,267.93
1653,2025-06-06,Vestuário,Boné,3,335.87,1007.61
1653,2025-06-06,Eletrônicos,Smart TV,4,523.37,2093.48
1654,2025-06-07,Alimentos,Suco,2,12.33,24.66
1655,2025-06-07,Alimentos,Café,4,54.26,217.04
1655,2025-06-07,Papelaria,Caderno,4,94.9,379.6
1655,2025-06-07,Papelaria,Agenda,3,64.09,192.27
1656,2025-06-07,Móveis,Sofá,1,1793.18,1793.18
1656,2025-06-07,Eletrônicos,Tablet,3,2092.34,6277.02
1656,2025-06-07,Alimentos,Cereal,3,15.2,45.6
1657,2025-06-07,Vestuário,Jaqueta,3,256.23,768.69
1657,2025-06-07,Eletrônicos,Tablet,4,1089.97,4359.88
1658,2025-06-07,Vestuário,Tênis,2,59.58,119.16
1658,2025-06-07,Alimentos,Café,2,52.69,105.38
1659,2025-06-07,Alimentos,Cereal,2,35.27,70.54
1659,2025-06-07,Papelaria,Estojo,4,101.31,405.24
1659,2025-06-07,Eletrônicos,Smart TV,3,1385.84,4157.52
1660,2025-06-07,Papelaria,Agenda,4,10.94,43.76
1660,2025-06-07,Eletrônicos,Smartphone,3,3027.1,9081.3
1661,2025-06-08,Vestuário,Calça Jeans,2,172.31,344.62
1661,2025-06-08,Papelaria,Caneta,3,95.43,286.29
1661,2025-06-08,Eletrônicos,Fone de Ouvido,3,2488.2,7464.6
1662,2025-06-08,Vestuário,Calça Jeans,2,220.77,441.54
1662,2025-06-08,Alimentos,Chocolate,2,51.29,102.58
1662,2025-06-08,Vestuário,Boné,3,177.31,531.93
1663,2025-06-08,Vestuário,Jaqueta,4,53.25,213.0
1663,2025-06-08,Móveis,Cadeira,4,1588.56,6354.24
1663,2025-06-08,Vestuário,Tênis,4,58.66,234.64
1664,2025-06-09,Móveis,Estante,2,434.37,868.74
1664,2025-06-09,Papelaria,Mochila,4,53.11,212.44
1664,2025-06-09,Eletrônicos,Tablet,2,411.94,823.88
1665,2025-06-09,Papelaria,Caderno,4,94.44,377.76
1665,2025-06-09,Móveis,Estante,4,1646.76,6587.04
1665,2025-06-09,Eletrônicos,Fone de Ouvido,2,2597.18,5194.36
1666,2025-06-09,Móveis,Sofá,4,642.02,2568.08
1667,2025-06-10,Papelaria,Agenda,1,30.89,30.89
1668,2025-06-10,Papelaria,Agenda,1,110.24,110.24
1669,2025-06-10,Móveis,Estante,1,1238.64,1238.64
1670,2025-06-10,Alimentos,Biscoito,2,36.31,72.62
1670,2025-06-10,Papelaria,Caneta,3,56.13,168.39
1671,2025-06-10,Móveis,Luminária,1,844.56,844.56
1671,2025-06-10,Papelaria,Caderno,4,11.06,44.24
1671,2025-06-10,Eletrônicos,Smart TV,1,663.14,663.14
1672,2025-06-11,Vestuário,Tênis,4,66.47,265.88
1672,2025-06-11,Eletrônicos,Tablet,1,2073.26,2073.26
1673,2025-06-11,Vestuário,Boné,2,41.0,82.0
1674,2025-06-11,Móveis,Luminária,3,1144.04,3432.12
1674,2025-06-11,Vestuário,Calça Jeans,4,168.24,672.96
1675,2025-06-12,Vestuário,Tênis,1,197.74,197.74
1675,2025-06-12,Eletrônicos,Fone de Ouvido,4,3656.06,14624.24
1675,2025-06-12,Móveis,Luminária,1,1881.52,1881.52
1676,2025-06-12,Vestuário,Boné,4,45.78,183.12
1676,2025-06-12,Vestuário,Boné,1,72.73,72.73
1676,2025-06-12,Papelaria,Caneta,4,116.49,465.96
1677,2025-06-13,Vestuário,Jaqueta,2,169.76,339.52
1678,2025-06-13,Móveis,Sofá,2,1670.13,3340.26
1678,2025-06-13,Vestuário,Jaqueta,1,262.1,262.1
1678,2025-06-13,Vestuário,Jaqueta,3,59.37,178.11
1679,2025-06-13,Alimentos,Café,3,33.28,99.84
1679,2025-06-13,Papelaria,Caderno,2,109.86,219.72
1680,2025-06-14,Papelaria,Agenda,1,57.82,57.82
1680,2025-06-14,Eletrônicos,Notebook,2,1934.94,3869.88
1681,2025-06-14,Vestuário,Calça Jeans,2,129.73,259.46
1682,2025-06-15,Alimentos,Café,3,5.66,16.98
1683,2025-06-15,Móveis,Estante,2,284.73,569.46
1683,2025-06-15,Alimentos,Chocolate,3,18.46,55.38
1683,2025-06-15,Eletrônicos,Fone de Ouvido,1,1504.93,1504.93
1684,2025-06-15,Móveis,Estante,1,1614.52,1614.52
1685,2025-06-15,Vestuário,Camiseta,1,198.66,198.66
1685,2025-06-15,Vestuário,Calça Jeans,4,216.38,865.52
1686,2025-06-15,Móveis,Cadeira,4,2116.84,8467.36
1687,2025-06-15,Papelaria,Agenda,1,42.57,42.57
1687,2025-06-15,Eletrônicos,Fone de Ouvido,2,1205.72,2411.44
1688,2025-06-15,Alimentos,Café,4,39.41,157.64
1689,2025-06-15,Móveis,Luminária,2,2243.47,4486.94
1689,2025-06-15,Papelaria,Caderno,2,19.5,39.0
1689,2025-06-15,Vestuário,Camiseta,3,272.96,818.88
1690,2025-06-15,Vestuário,Calça Jeans,2,88.91,177.82
1691,2025-06-16,Vestuário,Tênis,4,245.31,981.24
1691,2025-06-16,Papelaria,Caderno,3,7.2,21.6
1692,2025-06-16,Móveis,Sofá,1,2389.45,2389.45
1693,2025-06-16,Alimentos,Cereal,4,16.98,67.92
1693,2025-06-16,Papelaria,Agenda,1,110.21,110.21
1693,2025-06-16,Vestuário,Jaqueta,4,342.35,1369.4
1694,2025-06-16,Eletrônicos,Fone de Ouvido,4,1046.58,4186.32
1694,2025-06-16,Eletrônicos,Notebook,3,2435.69,7307.07
1694,2025-06-16,Vestuário,Jaqueta,1,321.72,321.72
1695,2025-06-17,Alimentos,Cereal,1,19.24,19.24
1695,2025-06-17,Vestuário,Camiseta,3,63.11,189.33
1695,2025-06-17,Vestuário,Camiseta,4,226.38,905.52
1696,2025-06-17,Móveis,Sofá,1,556.55,556.55
1696,2025-06-17,Eletrônicos,Smart TV,4,874.96,3499.84
1697,2025-06-17,Papelaria,Caderno,4,71.08,284.32
1697,2025-06-17,Vestuário,Jaqueta,4,284.59,1138.36
1698,2025-06-17,Alimentos,Biscoito,1,15.85,15.85
1698,2025-06-17,Papelaria,Estojo,4,14.98,59.92
1698,2025-06-17,Móveis,Mesa,1,949.75,949.75
1699,2025-06-18,Móveis,Mesa,4,1193.36,4773.44
1699,2025-06-18,Papelaria,Mochila,2,100.72,201.44
1699,2025-06-18,Eletrônicos,Tablet,4,856.18,3424.72
1700,2025-06-18,Alimentos,Café,3,59.21,177.63
1700,2025-06-18,Vestuário,Jaqueta,3,285.54,856.62
1701,2025-06-18,Alimentos,Cereal,4,55.06,220.24
1702,2025-06-19,Eletrônicos,Notebook,2,3754.28,7508.56
1703,2025-06-19,Eletrônicos,Tablet,1,3517.76,3517.76
1703,2025-06-19,Eletrônicos,Smartphone,2,1975.19,3950.38
1703,2025-06-19,Eletrônicos,Smartphone,2,164.25,328.5
1704,2025-06-19,Eletrônicos,Notebook,1,258.27,258.27
1704,2025-06-19,Papelaria,Caneta,1,57.64,57.64
1705,2025-06-20,Vestuário,Calça Jeans,4,322.03,1288.12
1706,2025-06-20,Eletrônicos,Smartphone,4,964.01,3856.04
1706,2025-06-20,Eletrônicos,Smart TV,4,1061.67,4246.68
1707,2025-06-20,Papelaria,Agenda,3,20.61,61.83
1707,2025-06-20,Móveis,Cadeira,1,248.23,248.23
1708,2025-06-20,Alimentos,Chocolate,3,19.94,59.82
1708,2025-06-20,Vestuário,Camiseta,1,113.41,113.41
1709,2025-06-20,Vestuário,Jaqueta,1,231.5,231.5
1709,2025-06-20,Alimentos,Biscoito,3,54.84,164.52
1710,2025-06-21,Papelaria,Estojo,4,95.45,381.8
1711,2025-06-21,Móveis,Luminária,4,1170.13,4680.52
1711,2025-06-21,Vestuário,Jaqueta,2,145.46,290.92
1712,2025-06-22,Alimentos,Biscoito,1,6.89,6.89
1712,2025-06-22,Móveis,Estante,1,1036.71,1036.71
1712,2025-06-22,Vestuário,Tênis,2,161.5,323.0
1713,2025-06-22,Vestuário,Calça Jeans,4,79.41,317.64
1713,2025-06-22,Papelaria,Estojo,3,105.46,316.38
1713,2025-06-22,Vestuário,Jaqueta,4,265.53,1062.12
1714,2025-06-23,Alimentos,Chocolate,3,28.94,86.82
1714,2025-06-23,Vestuário,Calça Jeans,4,270.17,1080.68
1714,2025-06-23,Eletrônicos,Smartphone,3,1854.37,5563.11
1715,2025-06-23,Vestuário,Tênis,2,142.55,285.1
1716,2025-06-23,Móveis,Cadeira,2,1097.51,2195.02
1717,2025-06-23,Móveis,Sofá,3,1706.24,5118.72
1717,2025-06-23,Eletrônicos,Fone de Ouvido,1,2849.41,2849.41
1717,2025-06-23,Vestuário,Boné,2,348.61,697.22
1718,2025-06-23,Eletrônicos,Notebook,2,3679.51,7359.02
1719,2025-06-23,Vestuário,Calça Jeans,4,217.6,870.4
1719,2025-06-23,Papelaria,Caneta,2,14.39,28.78
1720,2025-06-24,Vestuário,Camiseta,1,229.35,229.35
1720,2025-06-24,Vestuário,Boné,1,126.77,126.77
1720,2025-06-24,Papelaria,Caneta,2,103.11,206.22
1721,2025-06-24,Vestuário,Calça Jeans,3,70.07,210.21
1721,2025-06-24,Vestuário,Jaqueta,4,243.25,973.0
1721,2025-06-24,Eletrônicos,Fone de Ouvido,3,571.51,1714.53
1722,2025-06-24,Papelaria,Estojo,3,79.52,238.56
1723,2025-06-24,Papelaria,Agenda,4,116.88,467.52
1724,2025-06-24,Móveis,Mesa,1,341.1,341.1
1724,2025-06-24,Vestuário,Boné,4,109.45,437.8
1724,2025-06-24,Alimentos,Suco,2,59.78,119.56
1725,2025-06-24,Móveis,Estante,3,1624.64,4873.92
1725,2025-06-24,Papelaria,Caneta,4,111.38,445.52
1726,2025-06-25,Alimentos,Chocolate,2,58.91,117.82
1726,2025-06-25,Eletrônicos,Smartphone,2,618.18,1236.36
1727,2025-06-25,Vestuário,Camiseta,1,229.6,229.6
1727,2025-06-25,Eletrônicos,Smartphone,2,1691.37,3382.74
1728,2025-06-25,Papelaria,Estojo,1,14.28,14.28
1728,2025-06-25,Alimentos,Chocolate,4,56.51,226.04
1728,2025-06-25,Papelaria,Caneta,2,28.1,56.2
1729,2025-06-25,Móveis,Cadeira,1,2358.1,2358.1
1729,2025-06-25,Alimentos,Cereal,4,13.25,53.0
1729,2025-06-25,Eletrônicos,Tablet,4,3934.01,15736.04
1730,2025-06-26,Eletrônicos,Fone de Ouvido,3,3739.23,11217.69
1730,2025-06-26,Móveis,Luminária,4,920.02,3680.08
1731,2025-06-27,Eletrônicos,Notebook,2,3097.34,6194.68
1731,2025-06-27,Eletrônicos,Smartphone,1,3304.05,3304.05
1732,2025-06-27,Móveis,Luminária,4,611.28,2445.12
1732,2025-06-27,Eletrônicos,Smartphone,4,3855.0,15420.0
1732,2025-06-27,Móveis,Mesa,1,1604.4,1604.4
1733,2025-06-27,Alimentos,Suco,3,58.84,176.52
1734,2025-06-28,Móveis,Mesa,2,2154.77,4309.54
1735,2025-06-28,Papelaria,Caderno,3,16.72,50.16
1735,2025-06-28,Vestuário,Boné,4,337.47,1349.88
1736,2025-06-28,Papelaria,Caderno,2,78.51,157.02
1736,2025-06-28,Eletrônicos,Notebook,1,3513.66,3513.66
1737,2025-06-28,Papelaria,Caneta,3,10.12,30.36
1737,2025-06-28,Alimentos,Chocolate,3,43.52,130.56
1738,2025-06-28,Eletrônicos,Smartphone,1,3286.31,3286.31
1739,2025-06-28,Eletrônicos,Fone de Ouvido,2,3808.58,7617.16
1739,2025-06-28,Móveis,Sofá,1,1502.55,1502.55
1739,2025-06-28,Móveis,Mesa,2,1276.75,2553.5
1740,2025-06-29,Eletrônicos,Fone de Ouvido,3,1067.6,3202.8
1741,2025-06-29,Vestuário,Tênis,2,208.38,416.76
1742,2025-06-30,Eletrônicos,Fone de Ouvido,4,2244.82,8979.28
1743,2025-06-30,Papelaria,Mochila,2,56.44,112.88
1743,2025-06-30,Alimentos,Suco,4,20.3,81.2
1744,2025-06-30,Alimentos,Suco,1,45.21,45.21
1745,2025-07-01,Papelaria,Caderno,1,88.12,88.12
1745,2025-07-01,Móveis,Mesa,1,1500.22,1500.22
1745,2025-07-01,Vestuário,Camiseta,2,93.42,186.84
1746,2025-07-02,Vestuário,Camiseta,4,196.15,784.6
1747,2025-07-02,Móveis,Estante,4,1003.02,4012.08
1747,2025-07-02,Papelaria,Caneta,1,19.63,19.63
1748,2025-07-02,Eletrônicos,Smart TV,4,1896.26,7585.04
1748,2025-07-02,Papelaria,Caneta,2,65.73,131.46
1749,2025-07-03,Alimentos,Café,4,48.27,193.08
1749,2025-07-03,Alimentos,Suco,3,37.35,112.05
1749,2025-07-03,Móveis,Luminária,2,1915.14,3830.28
1750,2025-07-04,Alimentos,Chocolate,4,34.31,137.24
1750,2025-07-04,Vestuário,Jaqueta,3,266.92,800.76
1751,2025-07-04,Vestuário,Calça Jeans,2,38.79,77.58
1752,2025-07-04,Eletrônicos,Fone de Ouvido,4,823.3,3293.2
1752,2025-07-04,Papelaria,Mochila,2,10.79,21.58
1752,2025-07-04,Papelaria,Mochila,1,8.73,8.73
1753,2025-07-04,Alimentos,Cereal,1,41.61,41.61
1753,2025-07-04,Papelaria,Estojo,2,39.64,79.28
1754,2025-07-05,Alimentos,Cereal,2,8.08,16.16
1755,2025-07-05,Eletrônicos,Fone de Ouvido,1,1225.46,1225.46
1755,2025-07-05,Alimentos,Chocolate,2,53.71,107.42
1756,2025-07-05,Papelaria,Estojo,2,70.74,141.48
1756,2025-07-05,Vestuário,Boné,3,97.24,291.72
1756,2025-07-05,Papelaria,Estojo,4,32.72,130.88
1757,2025-07-06,Vestuário,Jaqueta,4,234.38,937.52
1758,2025-07-06,Vestuário,Tênis,3,59.96,179.88
1759,2025-07-06,Móveis,Mesa,2,1352.11,2704.22
1759,2025-07-06,Alimentos,Suco,4,57.13,228.52
1759,2025-07-06,Alimentos,Chocolate,4,22.36,89.44
1760,2025-07-07,Papelaria,Agenda,2,17.06,34.12
1760,2025-07-07,Vestuário,Camiseta,3,279.78,839.34
1760,2025-07-07,Papelaria,Estojo,1,10.43,10.43
1761,2025-07-07,Papelaria,Caneta,4,94.78,379.12
1761,2025-07-07,Eletrônicos,Smart TV,4,165.25,661.0
1762,2025-07-08,Vestuário,Calça Jeans,1,263.35,263.35
1763,2025-07-08,Vestuário,Camiseta,2,83.37,166.74
1763,2025-07-08,Eletrônicos,Smart TV,1,501.99,501.99
1763,2025-07-08,Alimentos,Cereal,3,5.99,17.97
1764,2025-07-08,Alimentos,Suco,3,41.49,124.47
1764,2025-07-08,Eletrônicos,Notebook,2,1971.01,3942.02
1764,2025-07-08,Alimentos,Biscoito,3,58.61,175.83
1765,2025-07-08,Papelaria,Mochila,4,44.21,176.84
1765,2025-07-08,Móveis,Estante,1,940.02,940.02
1766,2025-07-08,Vestuário,Boné,2,205.81,411.62
1766,2025-07-08,Papelaria,Agenda,1,76.52,76.52
1766,2025-07-08,Papelaria,Agenda,3,69.71,209.13
1767,2025-07-08,Alimentos,Suco,4,16.41,65.64
1768,2025-07-09,Vestuário,Calça Jeans,3,126.94,380.82
1769,2025-07-10,Alimentos,Cereal,2,39.72,79.44
1769,2025-07-10,Móveis,Estante,2,132.43,264.86
1770,2025-07-10,Papelaria,Caderno,2,107.19,214.38
1770,2025-07-10,Papelaria,Agenda,4,36.92,147.68
1770,2025-07-10,Eletrônicos,Tablet,2,2313.5,4627.0
1771,2025-07-10,Móveis,Mesa,3,1744.01,5232.03
1772,2025-07-10,Móveis,Cadeira,3,284.14,852.42
1773,2025-07-10,Vestuário,Camiseta,3,334.24,1002.72
1773,2025-07-10,Alimentos,Suco,1,52.93,52.93
1774,2025-07-10,Eletrônicos,Fone de Ouvido,4,1637.52,6550.08
1775,2025-07-11,Papelaria,Agenda,4,37.92,151.68
1775,2025-07-11,Alimentos,Biscoito,2,41.96,83.92
1776,2025-07-11,Papelaria,Estojo,2,13.4,26.8
1776,2025-07-11,Móveis,Estante,2,1774.87,3549.74
1776,2025-07-11,Móveis,Estante,3,520.8,1562.4
1777,2025-07-11,Vestuário,Calça Jeans,1,202.98,202.98
1777,2025-07-11,Vestuário,Boné,3,129.58,388.74
1777,2025-07-11,Papelaria,Caderno,1,58.56,58.56
1778,2025-07-12,Papelaria,Agenda,4,43.91,175.64
1778,2025-07-12,Alimentos,Café,1,7.17,7.17
1779,2025-07-12,Móveis,Mesa,1,2235.61,2235.61
1780,2025-07-12,Papelaria,Mochila,3,8.2,24.6
1781,2025-07-12,Alimentos,Biscoito,3,19.64,58.92
1781,2025-07-12,Vestuário,Camiseta,1,262.73,262.73
1781,2025-07-12,Eletrônicos,Notebook,2,1855.36,3710.72
1782,2025-07-12,Alimentos,Suco,1,52.13,52.13
1782,2025-07-12,Alimentos,Biscoito,4,37.07,148.28
1783,2025-07-12,Alimentos,Biscoito,4,21.46,85.84
1784,2025-07-13,Eletrônicos,Smartphone,4,1347.38,5389.52
1784,2025-07-13,Papelaria,Caderno,3,89.55,268.65
1784,2025-07-13,Vestuário,Tênis,3,178.89,536.67
1785,2025-07-14,Vestuário,Tênis,3,260.86,782.58
1786,2025-07-14,Eletrônicos,Smart TV,2,440.8,881.6
1786,2025-07-14,Alimentos,Suco,1,35.4,35.4
1787,2025-07-14,Alimentos,Biscoito,2,34.12,68.24
1787,2025-07-14,Alimentos,Suco,3,6.79,20.37
1788,2025-07-15,Vestuário,Calça Jeans,2,167.71,335.42
1788,2025-07-15,Eletrônicos,Tablet,2,1712.0,3424.0
1789,2025-07-15,Eletrônicos,Smart TV,2,2810.76,5621.52
1789,2025-07-15,Eletrônicos,Fone de Ouvido,4,1181.98,4727.92
1790,2025-07-15,Móveis,Sofá,2,955.86,1911.72
1790,2025-07-15,Alimentos,Café,3,47.15,141.45
1791,2025-07-15,Alimentos,Cereal,3,35.09,105.27
1791,2025-07-15,Vestuário,Tênis,4,195.48,781.92
1792,2025-07-16,Papelaria,Mochila,1,53.8,53.8
1792,2025-07-16,Eletrônicos,Smart TV,3,403.32,1209.96
1793,2025-07-16,Eletrônicos,Smartphone,1,3869.18,3869.18
1793,2025-07-16,Papelaria,Caderno,2,21.7,43.4
1794,2025-07-16,Móveis,Cadeira,4,2460.13,9840.52
1795,2025-07-16,Eletrônicos,Smart TV,4,2684.84,10739.36
1795,2025-07-16,Papelaria,Estojo,3,110.24,330.72
1795,2025-07-16,Alimentos,Chocolate,4,55.77,223.08
1796,2025-07-16,Papelaria,Caneta,3,96.89,290.67
1797,2025-07-16,Móveis,Mesa,1,602.6,602.6
1798,2025-07-16,Vestuário,Tênis,2,97.78,195.56
1798,2025-07-16,Móveis,Luminária,1,2278.6,2278.6
1798,2025-07-16,Papelaria,Estojo,2,101.05,202.1
1799,2025-07-17,Móveis,Mesa,3,280.99,842.97
1799,2025-07-17,Alimentos,Cereal,3,53.85,161.55
1800,2025-07-17,Alimentos,Suco,1,15.37,15.37
1800,2025-07-17,Eletrônicos,Tablet,2,1445.12,2890.24
1801,2025-07-17,Eletrônicos,Smartphone,1,2831.0,2831.0
1801,2025-07-17,Alimentos,Chocolate,3,45.9,137.7
1801,2025-07-17,Eletrônicos,Smartphone,4,2159.05,8636.2
1802,2025-07-18,Alimentos,Café,1,7.91,7.91
1802,2025-07-18,Papelaria,Agenda,1,106.36,106.36
1802,2025-07-18,Móveis,Cadeira,2,1068.07,2136.14
1803,2025-07-18,Papelaria,Estojo,1,99.16,99.16
1804,2025-07-19,Papelaria,Caderno,4,13.96,55.84
1804,2025-07-19,Papelaria,Agenda,4,47.61,190.44
1805,2025-07-19,Eletrônicos,Fone de Ouvido,3,3776.34,11329.02
1805,2025-07-19,Papelaria,Caneta,2,81.95,163.9
1805,2025-07-19,Eletrônicos,Fone de Ouvido,1,2918.22,2918.22
1806,2025-07-19,Móveis,Estante,2,955.0,1910.0
1806,2025-07-19,Alimentos,Cereal,2,51.99,103.98
1807,2025-07-19,Papelaria,Estojo,3,93.45,280.35
1807,2025-07-19,Eletrônicos,Smartphone,3,2270.16,6810.48
1807,2025-07-19,Papelaria,Mochila,2,64.82,129.64
1808,2025-07-20,Papelaria,Estojo,3,40.46,121.38
1808,2025-07-20,Alimentos,Chocolate,1,38.3,38.3
1809,2025-07-21,Eletrônicos,Smartphone,2,1579.39,3158.78
1809,2025-07-21,Alimentos,Biscoito,3,40.85,122.55
1810,2025-07-22,Papelaria,Estojo,1,68.17,68.17
1810,2025-07-22,Vestuário,Camiseta,4,234.6,938.4
1810,2025-07-22,Eletrônicos,Tablet,4,478.8,1915.2
1811,2025-07-22,Alimentos,Cereal,3,32.2,96.6
1811,2025-07-22,Alimentos,Biscoito,2,54.42,108.84
1812,2025-07-22,Eletrônicos,Notebook,3,1809.12,5427.36
1812,2025-07-22,Vestuário,Calça Jeans,4,132.6,530.4
1813,2025-07-22,Papelaria,Caneta,3,64.93,194.79
1813,2025-07-22,Vestuário,Boné,2,124.78,249.56
1814,2025-07-22,Alimentos,Chocolate,1,26.34,26.34
1815,2025-07-22,Móveis,Sofá,2,896.8,1793.6
1815,2025-07-22,Papelaria,Caneta,2,96.16,192.32
1815,2025-07-22,Eletrônicos,Smart TV,4,1098.44,4393.76
1816,2025-07-23,Eletrônicos,Smartphone,3,3046.53,9139.59
1816,2025-07-23,Alimentos,Biscoito,2,43.18,86.36
1817,2025-07-23,Vestuário,Tênis,3,248.15,744.45
1817,2025-07-23,Papelaria,Caneta,2,95.87,191.74
1818,2025-07-23,Vestuário,Calça Jeans,3,267.08,801.24
1818,2025-07-23,Eletrônicos,Tablet,2,3264.11,6528.22
1818,2025-07-23,Eletrônicos,Smart TV,2,1024.75,2049.5
1819,2025-07-23,Eletrônicos,Smartphone,1,3730.2,3730.2
1819,2025-07-23,Alimentos,Suco,1,17.5,17.5
1820,2025-07-23,Eletrônicos,Notebook,3,3321.42,9964.26
1821,2025-07-25,Alimentos,Biscoito,2,53.89,107.78
1822,2025-07-25,Móveis,Cadeira,2,1480.17,2960.34
1823,2025-07-25,Móveis,Luminária,2,2407.7,4815.4
1823,2025-07-25,Papelaria,Estojo,1,30.71,30.71
1824,2025-07-26,Alimentos,Chocolate,2,12.86,25.72
1825,2025-07-26,Eletrônicos,Smart TV,3,2611.29,7833.87
1825,2025-07-26,Móveis,Mesa,1,2486.95,2486.95
1825,2025-07-26,Eletrônicos,Smart TV,3,3028.25,9084.75
1826,2025-07-26,Móveis,Cadeira,4,374.04,1496.16
1827,2025-07-26,Papelaria,Caderno,2,25.19,50.38
1828,2025-07-27,Móveis,Mesa,1,2002.82,2002.82
1828,2025-07-27,Vestuário,Tênis,3,104.33,312.99
1829,2025-07-27,Papelaria,Agenda,2,105.05,210.1
1829,2025-07-27,Papelaria,Mochila,2,38.03,76.06
1830,2025-07-27,Móveis,Mesa,3,1511.54,4534.62
1831,2025-07-27,Eletrônicos,Tablet,4,2087.06,8348.24
1831,2025-07-27,Papelaria,Agenda,3,51.0,153.0
1832,2025-07-28,Eletrônicos,Smart TV,4,3852.2,15408.8
1832,2025-07-28,Móveis,Estante,2,455.34,910.68
1832,2025-07-28,Móveis,Estante,4,1606.87,6427.48
1833,2025-07-28,Móveis,Estante,1,1992.16,1992.16
1833,2025-07-28,Eletrônicos,Notebook,1,3323.43,3323.43
1833,2025-07-28,Alimentos,Chocolate,2,47.57,95.14
1834,2025-07-28,Eletrônicos,Fone de Ouvido,1,3212.85,3212.85
1834,2025-07-28,Vestuário,Boné,4,47.51,190.04
1834,2025-07-28,Vestuário,Camiseta,2,221.24,442.48
1835,2025-07-28,Papelaria,Caneta,2,112.19,224.38
1835,2025-07-28,Vestuário,Calça Jeans,4,49.18,196.72
1835,2025-07-28,Vestuário,Tênis,4,337.9,1351.6
1836,2025-07-28,Móveis,Luminária,2,875.67,1751.34
1836,2025-07-28,Móveis,Mesa,2,1036.69,2073.38
1837,2025-07-28,Alimentos,Biscoito,4,20.89,83.56
1837,2025-07-28,Móveis,Mesa,2,500.68,1001.36
1837,2025-07-28,Vestuário,Calça Jeans,2,194.62,389.24
1838,2025-07-28,Vestuário,Tênis,2,192.4,384.8
1838,2025-07-28,Papelaria,Caneta,3,54.67,164.01
1838,2025-07-28,Eletrônicos,Fone de Ouvido,1,3157.97,3157.97
1839,2025-07-29,Eletrônicos,Fone de Ouvido,2,3286.08,6572.16
1839,2025-07-29,Eletrônicos,Smart TV,1,1317.95,1317.95
1840,2025-07-29,Vestuário,Calça Jeans,4,214.98,859.92
1841,2025-07-29,Alimentos,Café,1,9.56,9.56
1842,2025-07-29,Vestuário,Jaqueta,2,169.1,338.2
1842,2025-07-29,Vestuário,Tênis,1,39.53,39.53
1843,2025-07-29,Vestuário,Tênis,2,178.96,357.92
1844,2025-07-31,Vestuário,Tênis,2,152.74,305.48
1845,2025-07-31,Vestuário,Calça Jeans,2,286.49,572.98
1846,2025-07-31,Eletrônicos,Tablet,4,918.35,3673.4
1846,2025-07-31,Alimentos,Cereal,2,47.09,94.18
1847,2025-07-31,Papelaria,Caderno,1,97.13,97.13
1848,2025-07-31,Móveis,Sofá,3,2446.85,7340.55
1848,2025-07-31,Papelaria,Mochila,2,79.57,159.14
1849,2025-08-01,Móveis,Sofá,4,1458.13,5832.52
1849,2025-08-01,Alimentos,Biscoito,4,41.09,164.36
1849,2025-08-01,Papelaria,Caderno,4,85.28,341.12
1850,2025-08-01,Vestuário,Boné,2,193.71,387.42
1850,2025-08-01,Alimentos,Cereal,1,29.51,29.51
1851,2025-08-01,Papelaria,Agenda,2,49.01,98.02
1851,2025-08-01,Móveis,Mesa,2,1523.16,3046.32
1852,2025-08-01,Papelaria,Caderno,2,92.78,185.56
1853,2025-08-02,Móveis,Sofá,2,2230.1,4460.2
1853,2025-08-02,Alimentos,Biscoito,2,21.1,42.2
1853,2025-08-02,Alimentos,Café,1,34.22,34.22
1854,2025-08-02,Alimentos,Suco,3,40.32,120.96
1854,2025-08-02,Papelaria,Caderno,3,102.8,308.4
1855,2025-08-02,Papelaria,Caneta,2,74.19,148.38
1855,2025-08-02,Eletrônicos,Smart TV,3,1828.78,5486.34
1855,2025-08-02,Eletrônicos,Smart TV,1,3119.29,3119.29
1856,2025-08-02,Vestuário,Tênis,1,260.76,260.76
1856,2025-08-02,Eletrônicos,Notebook,1,1969.42,1969.42
1856,2025-08-02,Móveis,Cadeira,2,2031.6,4063.2
1857,2025-08-02,Papelaria,Agenda,2,32.68,65.36
1858,2025-08-03,Eletrônicos,Smartphone,3,299.38,898.14
1858,2025-08-03,Alimentos,Café,3,25.28,75.84
1859,2025-08-03,Móveis,Estante,3,2106.13,6318.39
1860,2025-08-03,Papelaria,Agenda,2,33.81,67.62
1860,2025-08-03,Eletrônicos,Notebook,3,887.36,2662.08
1861,2025-08-03,Móveis,Cadeira,3,2266.1,6798.3
1861,2025-08-03,Alimentos,Suco,4,17.55,70.2
1861,2025-08-03,Eletrônicos,Notebook,1,3844.43,3844.43
1862,2025-08-04,Papelaria,Mochila,2,81.67,163.34
1863,2025-08-04,Eletrônicos,Tablet,4,1866.06,7464.24
1863,2025-08-04,Vestuário,Tênis,3,79.18,237.54
1864,2025-08-04,Papelaria,Agenda,4,50.4,201.6
1865,2025-08-06,Móveis,Luminária,3,826.43,2479.29
1865,2025-08-06,Eletrônicos,Notebook,2,3568.18,7136.36
1865,2025-08-06,Eletrônicos,Notebook,4,3656.67,14626.68
1866,2025-08-06,Vestuário,Tênis,1,169.71,169.71
1866,2025-08-06,Alimentos,Chocolate,2,18.33,36.66
1866,2025-08-06,Alimentos,Café,3,5.74,17.22
1867,2025-08-06,Móveis,Mesa,4,2033.46,8133.84
1867,2025-08-06,Eletrônicos,Smartphone,3,2348.71,7046.13
1868,2025-08-06,Papelaria,Agenda,4,60.68,242.72
1868,2025-08-06,Alimentos,Biscoito,3,40.97,122.91
1868,2025-08-06,Vestuário,Camiseta,1,348.27,348.27
1869,2025-08-06,Eletrônicos,Smart TV,1,1341.96,1341.96
1870,2025-08-07,Papelaria,Agenda,3,119.8,359.4
1871,2025-08-07,Papelaria,Caneta,2,81.37,162.74
1871,2025-08-07,Móveis,Sofá,3,1828.8,5486.4
1872,2025-08-08,Papelaria,Estojo,3,42.59,127.77
1873,2025-08-08,Móveis,Sofá,1,371.85,371.85
1873,2025-08-08,Móveis,Sofá,3,1982.27,5946.81
1874,2025-08-09,Eletrônicos,Notebook,3,3788.72,11366.16
1875,2025-08-09,Vestuário,Calça Jeans,1,323.68,323.68
1875,2025-08-09,Eletrônicos,Smartphone,3,636.19,1908.57
1876,2025-08-10,Alimentos,Biscoito,4,9.24,36.96
1877,2025-08-10,Eletrônicos,Smart TV,2,3855.11,7710.22
1877,2025-08-10,Vestuário,Jaqueta,3,195.86,587.58
1877,2025-08-10,Papelaria,Caderno,2,71.81,143.62
1878,2025-08-10,Vestuário,Calça Jeans,3,231.35,694.05
1878,2025-08-10,Alimentos,Café,1,38.61,38.61
1879,2025-08-11,Alimentos,Biscoito,3,46.23,138.69
1879,2025-08-11,Vestuário,Boné,4,347.34,1389.36
1879,2025-08-11,Vestuário,Tênis,1,157.29,157.29
1880,2025-08-11,Papelaria,Estojo,3,20.5,61.5
1881,2025-08-11,Papelaria,Caneta,3,59.97,179.91
1882,2025-08-11,Vestuário,Camiseta,2,76.38,152.76
1882,2025-08-11,Vestuário,Jaqueta,2,66.18,132.36
1882,2025-08-11,Eletrônicos,Tablet,3,3267.62,9802.86
1883,2025-08-12,Vestuário,Camiseta,2,328.88,657.76
1883,2025-08-12,Móveis,Estante,2,1019.59,2039.18
1884,2025-08-12,Vestuário,Camiseta,1,309.09,309.09
1884,2025-08-12,Eletrônicos,Smart TV,1,548.52,548.52
1884,2025-08-12,Eletrônicos,Smartphone,3,3760.16,11280.48
1885,2025-08-12,Eletrônicos,Tablet,1,656.53,656.53
1885,2025-08-12,Vestuário,Tênis,1,341.06,341.06
1885,2025-08-12,Vestuário,Tênis,4,212.23,848.92
1886,2025-08-12,Alimentos,Café,4,29.33,117.32
1886,2025-08-12,Vestuário,Camiseta,4,314.03,1256.12
1887,2025-08-12,Alimentos,Chocolate,2,46.45,92.9
1888,2025-08-13,Alimentos,Chocolate,4,14.3,57.2
1888,2025-08-13,Móveis,Cadeira,2,2294.42,4588.84
1889,2025-08-13,Alimentos,Chocolate,1,26.72,26.72
1889,2025-08-13,Papelaria,Caneta,1,87.84,87.84
1890,2025-08-13,Alimentos,Cereal,2,15.47,30.94
1891,2025-08-13,Móveis,Luminária,2,559.58,1119.16
1891,2025-08-13,Papelaria,Caneta,4,41.88,167.52
1892,2025-08-14,Vestuário,Calça Jeans,1,241.16,241.16
1892,2025-08-14,Papelaria,Agenda,3,92.21,276.63
1893,2025-08-15,Móveis,Cadeira,1,1309.77,1309.77
1894,2025-08-15,Eletrônicos,Smart TV,4,2931.14,11724.56
1895,2025-08-16,Eletrônicos,Fone de Ouvido,1,2026.75,2026.75
1895,2025-08-16,Vestuário,Calça Jeans,1,286.52,286.52
1895,2025-08-16,Papelaria,Estojo,1,47.96,47.96
1896,2025-08-16,Alimentos,Cereal,4,21.37,85.48
1896,2025-08-16,Eletrônicos,Notebook,2,733.11,1466.22
1897,2025-08-16,Eletrônicos,Fone de Ouvido,2,1545.95,3091.9
1897,2025-08-16,Móveis,Mesa,4,1162.57,4650.28
1897,2025-08-16,Eletrônicos,Smart TV,1,2198.53,2198.53
1898,2025-08-17,Eletrônicos,Fone de Ouvido,1,3777.41,3777.41
1898,2025-08-17,Móveis,Luminária,3,661.74,1985.22
1899,2025-08-17,Papelaria,Caderno,4,66.37,265.48
1899,2025-08-17,Papelaria,Estojo,3,100.42,301.26
1899,2025-08-17,Eletrônicos,Tablet,3,643.51,1930.53
1900,2025-08-17,Móveis,Estante,3,1965.6,5896.8
1901,2025-08-17,Eletrônicos,Fone de Ouvido,4,2060.74,8242.96
1902,2025-08-17,Vestuário,Camiseta,2,273.35,546.7
1903,2025-08-18,Móveis,Mesa,2,1252.32,2504.64
1903,2025-08-18,Móveis,Luminária,3,2153.54,6460.62
1903,2025-08-18,Móveis,Estante,4,1718.05,6872.2
1904,2025-08-18,Vestuário,Boné,3,68.71,206.13
1904,2025-08-18,Alimentos,Suco,3,18.8,56.4
1904,2025-08-18,Eletrônicos,Fone de Ouvido,4,1809.28,7237.12
1905,2025-08-18,Vestuário,Boné,2,209.57,419.14
1905,2025-08-18,Vestuário,Jaqueta,2,120.52,241.04
1906,2025-08-18,Eletrônicos,Tablet,2,855.2,1710.4
1906,2025-08-18,Papelaria,Agenda,3,12.08,36.24
1906,2025-08-18,Eletrônicos,Fone de Ouvido,3,220.77,662.31
1907,2025-08-19,Papelaria,Agenda,3,72.28,216.84
1907,2025-08-19,Papelaria,Mochila,3,116.63,349.89
1907,2025-08-19,Eletrônicos,Smartphone,4,494.65,1978.6
1908,2025-08-20,Eletrônicos,Smart TV,4,597.3,2389.2
1909,2025-08-20,Móveis,Sofá,1,1036.9,1036.9
1909,2025-08-20,Papelaria,Mochila,3,68.74,206.22
1909,2025-08-20,Eletrônicos,Smart TV,3,1342.08,4026.24
1910,2025-08-20,Vestuário,Camiseta,1,177.23,177.23
1910,2025-08-20,Vestuário,Jaqueta,3,37.38,112.14
1911,2025-08-20,Móveis,Estante,1,646.08,646.08
1911,2025-08-20,Papelaria,Agenda,2,109.86,219.72
1911,2025-08-20,Papelaria,Caderno,3,20.43,61.29
1912,2025-08-20,Alimentos,Biscoito,4,46.83,187.32
1913,2025-08-21,Alimentos,Café,3,10.17,30.51
1913,2025-08-21,Papelaria,Mochila,1,51.54,51.54
1913,2025-08-21,Alimentos,Café,1,51.51,51.51
1914,2025-08-21,Alimentos,Suco,1,25.54,25.54
1915,2025-08-21,Eletrônicos,Smart TV,2,2655.54,5311.08
1915,2025-08-21,Eletrônicos,Smartphone,2,3298.93,6597.86
1916,2025-08-22,Eletrônicos,Tablet,4,3437.38,13749.52
1916,2025-08-22,Vestuário,Camiseta,3,308.9,926.7
1917,2025-08-23,Papelaria,Mochila,4,62.08,248.32
1918,2025-08-24,Móveis,Cadeira,4,2140.76,8563.04
1918,2025-08-24,Móveis,Sofá,1,1315.24,1315.24
1919,2025-08-24,Eletrônicos,Tablet,2,3200.7,6401.4
1920,2025-08-24,Eletrônicos,Smart TV,4,1126.42,4505.68
1920,2025-08-24,Vestuário,Camiseta,4,327.74,1310.96
1921,2025-08-24,Móveis,Mesa,2,1562.72,3125.44
1922,2025-08-24,Papelaria,Caneta,2,32.51,65.02
1922,2025-08-24,Eletrônicos,Fone de Ouvido,2,1399.74,2799.48
1922,2025-08-24,Eletrônicos,Notebook,4,2307.34,9229.36
1923,2025-08-24,Móveis,Estante,2,1836.15,3672.3
1923,2025-08-24,Eletrônicos,Tablet,4,1795.9,7183.6
1924,2025-08-24,Móveis,Estante,2,2106.25,4212.5
1924,2025-08-24,Alimentos,Café,4,51.22,204.88
1924,2025-08-24,Móveis,Sofá,1,2084.18,2084.18
1925,2025-08-24,Eletrônicos,Smartphone,3,3518.35,10555.05
1926,2025-08-25,Papelaria,Estojo,3,85.95,257.85
1927,2025-08-25,Vestuário,Tênis,1,303.79,303.79
1927,2025-08-25,Móveis,Luminária,3,1721.55,5164.65
1928,2025-08-25,Papelaria,Caneta,2,99.48,198.96
1929,2025-08-26,Papelaria,Caneta,4,47.22,188.88
1929,2025-08-26,Eletrônicos,Notebook,4,1297.45,5189.8
1930,2025-08-26,Papelaria,Mochila,3,112.24,336.72
1930,2025-08-26,Alimentos,Suco,3,45.38,136.14
1931,2025-08-26,Eletrônicos,Smartphone,1,612.61,612.61
1932,2025-08-26,Móveis,Mesa,1,2079.1,2079.1
1933,2025-08-26,Papelaria,Caderno,3,101.6,304.8
1934,2025-08-26,Eletrônicos,Notebook,2,3564.73,7129.46
1934,2025-08-26,Móveis,Estante,2,655.15,1310.3
1935,2025-08-27,Móveis,Cadeira,3,2134.34,6403.02
1935,2025-08-27,Eletrônicos,Fone de Ouvido,4,1288.92,5155.68
1936,2025-08-27,Alimentos,Suco,4,40.12,160.48
1937,2025-08-27,Móveis,Estante,4,1151.28,4605.12
1938,2025-08-27,Papelaria,Caderno,1,88.89,88.89
1939,2025-08-28,Móveis,Estante,2,205.23,410.46
1939,2025-08-28,Vestuário,Boné,3,71.2,213.6
1939,2025-08-28,Vestuário,Camiseta,1,341.79,341.79
1940,2025-08-28,Móveis,Luminária,1,1914.32,1914.32
1940,2025-08-28,Papelaria,Caderno,2,41.75,83.5
1941,2025-08-28,Móveis,Estante,1,275.79,275.79
1941,2025-08-28,Alimentos,Café,4,46.43,185.72
1942,2025-08-28,Móveis,Luminária,2,475.42,950.84
1943,2025-08-28,Móveis,Luminária,1,1300.86,1300.86
1943,2025-08-28,Eletrônicos,Fone de Ouvido,2,2624.79,5249.58
1943,2025-08-28,Vestuário,Boné,1,139.55,139.55
1944,2025-08-28,Alimentos,Chocolate,2,33.47,66.94
1945,2025-08-28,Eletrônicos,Tablet,1,1272.61,1272.61
1945,2025-08-28,Alimentos,Cereal,3,34.14,102.42
1946,2025-08-28,Alimentos,Biscoito,2,32.46,64.92
1946,2025-08-28,Alimentos,Cereal,2,22.14,44.28
1946,2025-08-28,Eletrônicos,Tablet,1,428.58,428.58
1947,2025-08-29,Alimentos,Biscoito,4,42.92,171.68
1947,2025-08-29,Eletrônicos,Smart TV,1,2888.37,2888.37
1947,2025-08-29,Móveis,Estante,4,1444.96,5779.84
1948,2025-08-29,Papelaria,Mochila,4,68.73,274.92
1948,2025-08-29,Alimentos,Café,2,6.84,13.68
1948,2025-08-29,Papelaria,Caneta,1,13.32,13.32
1949,2025-08-29,Alimentos,Chocolate,1,12.82,12.82
1949,2025-08-29,Móveis,Estante,3,1429.74,4289.22
1949,2025-08-29,Eletrônicos,Tablet,2,3724.09,7448.18
1950,2025-08-30,Eletrônicos,Notebook,3,1465.04,4395.12
1950,2025-08-30,Móveis,Luminária,3,1339.47,4018.41
1950,2025-08-30,Papelaria,Estojo,2,23.85,47.7
1951,2025-08-30,Alimentos,Chocolate,1,37.97,37.97
1951,2025-08-30,Papelaria,Estojo,2,6.58,13.16
1951,2025-08-30,Eletrônicos,Smart TV,1,759.39,759.39
1952,2025-08-30,Papelaria,Caderno,2,69.98,139.96
1953,2025-08-30,Eletrônicos,Tablet,2,2470.28,4940.56
1953,2025-08-30,Papelaria,Agenda,4,50.03,200.12
1954,2025-08-31,Vestuário,Jaqueta,3,38.24,114.72
1955,2025-08-31,Alimentos,Biscoito,2,33.5,67.0
1956,2025-08-31,Papelaria,Caderno,3,78.42,235.26
1956,2025-08-31,Alimentos,Biscoito,1,6.34,6.34
1957,2025-08-31,Alimentos,Biscoito,4,17.06,68.24
1957,2025-08-31,Vestuário,Jaqueta,1,328.86,328.86
1957,2025-08-31,Alimentos,Suco,3,56.53,169.59
1958,2025-08-31,Papelaria,Caderno,4,9.35,37.4
1959,2025-08-31,Eletrônicos,Notebook,4,1363.58,5454.32
1960,2025-08-31,Móveis,Sofá,2,694.28,1388.56
1961,2025-08-31,Alimentos,Chocolate,1,17.27,17.27
1961,2025-08-31,Alimentos,Suco,1,31.47,31.47
1961,2025-08-31,Móveis,Estante,1,708.39,708.39
1962,2025-08-31,Móveis,Estante,4,1460.33,5841.32
1962,2025-08-31,Vestuário,Camiseta,3,203.12,609.36
1962,2025-08-31,Vestuário,Boné,4,303.52,1214.08
1963,2025-09-01,Papelaria,Agenda,1,23.2,23.2
1963,2025-09-01,Alimentos,Biscoito,4,54.82,219.28
1964,2025-09-01,Eletrônicos,Fone de Ouvido,3,1842.1,5526.3
1965,2025-09-01,Vestuário,Boné,3,226.65,679.95
1965,2025-09-01,Vestuário,Boné,2,34.36,68.72
1965,2025-09-01,Vestuário,Camiseta,4,110.03,440.12
1966,2025-09-02,Alimentos,Cereal,3,27.52,82.56
1967,2025-09-02,Móveis,Sofá,4,1065.46,4261.84
1967,2025-09-02,Papelaria,Caneta,4,54.46,217.84
1968,2025-09-02,Eletrônicos,Notebook,3,3380.95,10142.85
1968,2025-09-02,Eletrônicos,Fone de Ouvido,3,2501.81,7505.43
1968,2025-09-02,Móveis,Mesa,2,1145.76,2291.52
1969,2025-09-02,Papelaria,Caneta,1,57.58,57.58
1970,2025-09-03,Eletrônicos,Smartphone,3,1209.66,3628.98
1970,2025-09-03,Papelaria,Agenda,4,61.42,245.68
1971,2025-09-03,Móveis,Cadeira,1,1057.86,1057.86
1971,2025-09-03,Papelaria,Mochila,3,71.36,214.08
1971,2025-09-03,Alimentos,Biscoito,1,31.33,31.33
1972,2025-09-03,Móveis,Cadeira,4,2046.61,8186.44
1972,2025-09-03,Alimentos,Cereal,1,34.56,34.56
1972,2025-09-03,Eletrônicos,Smartphone,1,1092.48,1092.48
1973,2025-09-03,Móveis,Estante,2,1644.58,3289.16
1973,2025-09-03,Eletrônicos,Smart TV,2,3892.01,7784.02
1974,2025-09-03,Alimentos,Café,1,19.34,19.34
1974,2025-09-03,Vestuário,Jaqueta,4,231.13,924.52
1974,2025-09-03,Eletrônicos,Smart TV,1,3313.94,3313.94
1975,2025-09-03,Móveis,Sofá,2,909.28,1818.56
1975,2025-09-03,Eletrônicos,Fone de Ouvido,1,2112.56,2112.56
1975,2025-09-03,Móveis,Mesa,1,1654.77,1654.77
1976,2025-09-04,Papelaria,Caneta,1,112.17,112.17
1976,2025-09-04,Vestuário,Tênis,2,84.85,169.7
1977,2025-09-04,Alimentos,Chocolate,3,53.4,160.2
1977,2025-09-04,Alimentos,Chocolate,4,46.98,187.92
1977,2025-09-04,Móveis,Sofá,4,2456.57,9826.28
1978,2025-09-05,Móveis,Mesa,1,2345.96,2345.96
1978,2025-09-05,Alimentos,Cereal,3,19.26,57.78
1979,2025-09-05,Vestuário,Jaqueta,1,322.75,322.75
1979,2025-09-05,Eletrônicos,Smartphone,2,3066.26,6132.52
1979,2025-09-05,Móveis,Luminária,3,606.42,1819.26
1980,2025-09-06,Móveis,Cadeira,1,1748.48,1748.48
1981,2025-09-06,Vestuário,Calça Jeans,2,67.38,134.76
1981,2025-09-06,Alimentos,Cereal,1,30.04,30.04
1981,2025-09-06,Vestuário,Tênis,2,265.34,530.68
1982,2025-09-06,Alimentos,Biscoito,4,59.51,238.04
1982,2025-09-06,Eletrônicos,Smart TV,1,3062.67,3062.67
1983,2025-09-06,Alimentos,Chocolate,4,51.17,204.68
1983,2025-09-06,Eletrônicos,Tablet,4,1685.46,6741.84
1984,2025-09-07,Vestuário,Boné,1,33.42,33.42
1984,2025-09-07,Alimentos,Suco,2,40.32,80.64
1984,2025-09-07,Eletrônicos,Tablet,1,3516.5,3516.5
1985,2025-09-07,Alimentos,Chocolate,2,19.8,39.6
1985,2025-09-07,Vestuário,Jaqueta,1,341.37,341.37
1986,2025-09-07,Vestuário,Calça Jeans,3,314.11,942.33
1987,2025-09-07,Móveis,Estante,4,1231.86,4927.44
1988,2025-09-07,Eletrônicos,Fone de Ouvido,4,826.34,3305.36
1988,2025-09-07,Papelaria,Agenda,3,93.99,281.97
1988,2025-09-07,Papelaria,Agenda,4,60.27,241.08
1989,2025-09-07,Papelaria,Estojo,3,54.85,164.55
1989,2025-09-07,Alimentos,Biscoito,1,58.11,58.11
1989,2025-09-07,Vestuário,Jaqueta,4,106.19,424.76
1990,2025-09-07,Papelaria,Caneta,3,32.7,98.1
1991,2025-09-07,Eletrônicos,Notebook,3,416.32,1248.96
1991,2025-09-07,Eletrônicos,Notebook,3,2496.68,7490.04
1992,2025-09-07,Vestuário,Boné,3,334.46,1003.38
1992,2025-09-07,Eletrônicos,Smart TV,4,973.13,3892.52
1993,2025-09-08,Móveis,Sofá,2,1506.07,3012.14
1993,2025-09-08,Vestuário,Jaqueta,3,132.46,397.38
1994,2025-09-08,Móveis,Sofá,1,1157.81,1157.81
1994,2025-09-08,Papelaria,Mochila,4,97.84,391.36
1995,2025-09-08,Eletrônicos,Fone de Ouvido,3,3234.51,9703.53
1995,2025-09-08,Vestuário,Jaqueta,4,166.93,667.72
1996,2025-09-08,Vestuário,Boné,2,249.13,498.26
1996,2025-09-08,Alimentos,Chocolate,2,41.48,82.96
1997,2025-09-08,Vestuário,Camiseta,4,107.5,430.0
1997,2025-09-08,Eletrônicos,Notebook,1,3958.96,3958.96
1997,2025-09-08,Alimentos,Café,3,6.59,19.77
1998,2025-09-10,Móveis,Sofá,1,1735.51,1735.51
1999,2025-09-10,Papelaria,Agenda,2,115.84,231.68
1999,2025-09-10,Alimentos,Chocolate,1,53.15,53.15
1999,2025-09-10,Vestuário,Boné,2,236.35,472.7
2000,2025-09-10,Eletrônicos,Tablet,3,235.48,706.44
2000,2025-09-10,Alimentos,Cereal,1,22.65,22.65
2001,2025-09-10,Alimentos,Chocolate,4,50.31,201.24
2001,2025-09-10,Alimentos,Cereal,2,14.97,29.94
2001,2025-09-10,Vestuário,Tênis,2,70.38,140.76
2002,2025-09-10,Móveis,Estante,3,403.97,1211.91
2002,2025-09-10,Eletrônicos,Smartphone,2,3760.31,7520.62
2002,2025-09-10,Alimentos,Cereal,1,59.27,59.27
2003,2025-09-11,Alimentos,Cereal,1,7.22,7.22
2004,2025-09-11,Eletrônicos,Fone de Ouvido,1,415.61,415.61
2004,2025-09-11,Vestuário,Tênis,3,77.77,233.31
2004,2025-09-11,Eletrônicos,Tablet,4,1439.05,5756.2
2005,2025-09-11,Papelaria,Caderno,2,84.95,169.9
2005,2025-09-11,Vestuário,Camiseta,4,142.24,568.96
2006,2025-09-11,Móveis,Estante,3,1740.62,5221.86
2007,2025-09-11,Eletrônicos,Notebook,2,577.04,1154.08
2007,2025-09-11,Móveis,Mesa,4,712.21,2848.84
2007,2025-09-11,Eletrônicos,Smartphone,2,1325.84,2651.68
2008,2025-09-12,Papelaria,Agenda,2,89.34,178.68
2008,2025-09-12,Móveis,Mesa,3,334.29,1002.87
2008,2025-09-12,Eletrônicos,Notebook,2,2272.57,4545.14
2009,2025-09-12,Alimentos,Cereal,3,33.88,101.64
2009,2025-09-12,Móveis,Cadeira,4,878.2,3512.8
2009,2025-09-12,Móveis,Estante,2,2282.16,4564.32
2010,2025-09-12,Vestuário,Jaqueta,2,257.26,514.52
2010,2025-09-12,Vestuário,Boné,3,175.04,525.12
2011,2025-09-12,Alimentos,Biscoito,3,41.73,125.19
2012,2025-09-12,Alimentos,Suco,4,48.5,194.0
2012,2025-09-12,Papelaria,Caneta,4,28.49,113.96
2012,2025-09-12,Eletrônicos,Notebook,1,548.01,548.01
2013,2025-09-12,Eletrônicos,Tablet,3,479.56,1438.68
2013,2025-09-12,Alimentos,Chocolate,3,54.58,163.74
2013,2025-09-12,Papelaria,Mochila,3,6.6,19.8
2014,2025-09-12,Eletrônicos,Smart TV,2,1468.53,2937.06
2015,2025-09-13,Eletrônicos,Smartphone,2,2493.87,4987.74
2015,2025-09-13,Móveis,Cadeira,3,160.34,481.02
2015,2025-09-13,Vestuário,Jaqueta,4,301.13,1204.52
2016,2025-09-13,Vestuário,Calça Jeans,3,53.84,161.52
2017,2025-09-13,Vestuário,Tênis,4,251.83,1007.32
2018,2025-09-13,Móveis,Luminária,2,2107.32,4214.64
2019,2025-09-14,Móveis,Mesa,4,721.68,2886.72
2020,2025-09-14,Móveis,Sofá,2,1506.9,3013.8
2020,2025-09-14,Alimentos,Cereal,3,46.71,140.13
2021,2025-09-15,Alimentos,Chocolate,3,56.14,168.42
2021,2025-09-15,Eletrônicos,Fone de Ouvido,3,811.71,2435.13
2022,2025-09-15,Papelaria,Caderno,4,85.07,340.28
2022,2025-09-15,Eletrônicos,Tablet,3,400.25,1200.75
2022,2025-09-15,Móveis,Sofá,4,1440.69,5762.76
2023,2025-09-15,Móveis,Luminária,2,1136.33,2272.66
2023,2025-09-15,Móveis,Sofá,3,2358.32,7074.96
2023,2025-09-15,Eletrônicos,Notebook,2,2490.64,4981.28
2024,2025-09-16,Vestuário,Tênis,4,169.62,678.48
2024,2025-09-16,Alimentos,Suco,4,51.88,207.52
2024,2025-09-16,Eletrônicos,Smart TV,3,3358.5,10075.5
2025,2025-09-16,Eletrônicos,Tablet,3,1961.32,5883.96
2025,2025-09-16,Eletrônicos,Smartphone,1,3278.87,3278.87
2025,2025-09-16,Papelaria,Agenda,2,64.47,128.94
2026,2025-09-16,Eletrônicos,Smart TV,3,3472.44,10417.32
2026,2025-09-16,Alimentos,Café,3,31.18,93.54
2027,2025-09-16,Eletrônicos,Notebook,2,2385.84,4771.68
2027,2025-09-16,Vestuário,Calça Jeans,4,118.75,475.0
2028,2025-09-16,Alimentos,Chocolate,4,22.82,91.28
2028,2025-09-16,Alimentos,Suco,3,50.63,151.89
2028,2025-09-16,Papelaria,Estojo,1,85.86,85.86
2029,2025-09-16,Papelaria,Mochila,1,114.97,114.97
2030,2025-09-16,Alimentos,Cereal,1,44.36,44.36
2030,2025-09-16,Alimentos,Suco,3,37.44,112.32
2031,2025-09-17,Papelaria,Agenda,3,32.77,98.31
2032,2025-09-17,Alimentos,Café,4,23.92,95.68
2032,2025-09-17,Alimentos,Cereal,4,12.34,49.36
2033,2025-09-17,Papelaria,Mochila,3,92.48,277.44
2033,2025-09-17,Móveis,Sofá,4,708.74,2834.96
2033,2025-09-17,Vestuário,Jaqueta,4,280.66,1122.64
2034,2025-09-17,Alimentos,Biscoito,4,5.09,20.36
2034,2025-09-17,Eletrônicos,Tablet,3,916.47,2749.41
2034,2025-09-17,Móveis,Cadeira,4,2169.84,8679.36
2035,2025-09-17,Móveis,Estante,3,901.16,2703.48
2035,2025-09-17,Alimentos,Suco,2,27.77,55.54
2036,2025-09-17,Móveis,Luminária,1,1669.66,1669.66
2036,2025-09-17,Vestuário,Boné,1,218.06,218.06
2036,2025-09-17,Eletrônicos,Notebook,4,2743.04,10972.16
2037,2025-09-18,Móveis,Cadeira,2,1378.45,2756.9
2038,2025-09-18,Móveis,Luminária,3,1148.27,3444.81
2038,2025-09-18,Alimentos,Café,4,6.24,24.96
2038,2025-09-18,Papelaria,Estojo,4,24.68,98.72
2039,2025-09-18,Móveis,Mesa,2,1354.17,2708.34
2039,2025-09-18,Móveis,Luminária,1,107.25,107.25
2039,2025-09-18,Papelaria,Caderno,4,53.24,212.96
2040,2025-09-18,Alimentos,Suco,4,12.52,50.08
2041,2025-09-18,Eletrônicos,Notebook,4,847.69,3390.76
2042,2025-09-18,Eletrônicos,Tablet,3,3763.53,11290.59
2043,2025-09-18,Papelaria,Caneta,1,119.34,119.34
2044,2025-09-19,Papelaria,Mochila,2,40.57,81.14
2044,2025-09-19,Vestuário,Boné,2,251.07,502.14
2044,2025-09-19,Móveis,Cadeira,2,1530.84,3061.68
2045,2025-09-20,Eletrônicos,Tablet,4,3704.7,14818.8
2046,2025-09-20,Móveis,Luminária,2,1185.58,2371.16
2046,2025-09-20,Móveis,Luminária,2,1123.37,2246.74
2046,2025-09-20,Vestuário,Camiseta,1,199.57,199.57
2047,2025-09-20,Móveis,Cadeira,1,2282.93,2282.93
2047,2025-09-20,Alimentos,Café,1,27.36,27.36
2047,2025-09-20,Eletrônicos,Notebook,1,1397.0,1397.0
2048,2025-09-20,Papelaria,Agenda,4,59.14,236.56
2048,2025-09-20,Eletrônicos,Smart TV,2,2745.64,5491.28
2049,2025-09-20,Papelaria,Estojo,3,97.29,291.87
2049,2025-09-20,Papelaria,Agenda,3,16.0,48.0
2049,2025-09-20,Móveis,Luminária,1,957.93,957.93
2050,2025-09-21,Papelaria,Mochila,1,34.55,34.55
2050,2025-09-21,Móveis,Sofá,1,2253.81,2253.81
2050,2025-09-21,Eletrônicos,Smart TV,3,2018.33,6054.99
2051,2025-09-21,Vestuário,Tênis,3,317.97,953.91
2052,2025-09-21,Eletrônicos,Smart TV,2,1663.71,3327.42
2052,2025-09-21,Papelaria,Caneta,2,37.28,74.56
2052,2025-09-21,Móveis,Estante,4,889.12,3556.48
2053,2025-09-22,Alimentos,Café,3,10.83,32.49
2053,2025-09-22,Eletrônicos,Smartphone,3,1960.75,5882.25
2053,2025-09-22,Vestuário,Camiseta,3,285.21,855.63
2054,2025-09-22,Alimentos,Cereal,2,12.98,25.96
2054,2025-09-22,Papelaria,Agenda,3,90.14,270.42
2054,2025-09-22,Alimentos,Biscoito,1,8.65,8.65
2055,2025-09-23,Alimentos,Café,2,31.84,63.68
2056,2025-09-23,Móveis,Luminária,2,2483.59,4967.18
2057,2025-09-23,Papelaria,Caneta,3,16.24,48.72
2057,2025-09-23,Móveis,Luminária,3,2490.43,7471.29
2057,2025-09-23,Papelaria,Caderno,2,118.4,236.8
2058,2025-09-23,Móveis,Cadeira,3,2169.6,6508.8
2058,2025-09-23,Alimentos,Chocolate,1,17.18,17.18
2059,2025-09-23,Móveis,Estante,3,2041.55,6124.65
2059,2025-09-23,Alimentos,Chocolate,3,32.77,98.31
2060,2025-09-24,Eletrônicos,Notebook,4,1328.1,5312.4
2061,2025-09-24,Eletrônicos,Smart TV,1,1719.8,1719.8
2061,2025-09-24,Alimentos,Suco,4,27.7,110.8
2061,2025-09-24,Papelaria,Caneta,1,47.72,47.72
2062,2025-09-24,Vestuário,Calça Jeans,3,311.74,935.22
2062,2025-09-24,Alimentos,Cereal,4,6.96,27.84
2062,2025-09-24,Alimentos,Chocolate,1,5.72,5.72
2063,2025-09-24,Vestuário,Jaqueta,2,333.09,666.18
2063,2025-09-24,Papelaria,Caneta,3,8.94,26.82
2063,2025-09-24,Vestuário,Jaqueta,4,257.18,1028.72
2064,2025-09-25,Vestuário,Camiseta,4,166.97,667.88
2064,2025-09-25,Eletrônicos,Smart TV,4,195.81,783.24
2064,2025-09-25,Vestuário,Camiseta,3,150.38,451.14
2065,2025-09-25,Eletrônicos,Smart TV,2,1496.92,2993.84
2065,2025-09-25,Eletrônicos,Smartphone,1,1161.14,1161.14
2065,2025-09-25,Móveis,Estante,2,2172.51,4345.02
2066,2025-09-25,Alimentos,Biscoito,4,49.33,197.32
2066,2025-09-25,Vestuário,Calça Jeans,3,296.54,889.62
2067,2025-09-25,Alimentos,Café,4,6.74,26.96
2067,2025-09-25,Móveis,Cadeira,4,2076.78,8307.12
2068,2025-09-25,Vestuário,Tênis,4,154.33,617.32
2069,2025-09-25,Eletrônicos,Smartphone,4,976.77,3907.08
2069,2025-09-25,Vestuário,Tênis,3,165.9,497.7
2069,2025-09-25,Vestuário,Tênis,3,153.48,460.44
2070,2025-09-25,Papelaria,Caneta,4,14.2,56.8
2070,2025-09-25,Móveis,Luminária,3,790.13,2370.39
2071,2025-09-25,Vestuário,Boné,4,195.29,781.16
2071,2025-09-25,Eletrônicos,Smart TV,1,3078.55,3078.55
2071,2025-09-25,Alimentos,Café,2,10.56,21.12
2072,2025-09-25,Eletrônicos,Smart TV,2,3837.67,7675.34
2073,2025-09-26,Papelaria,Caderno,3,33.63,100.89
2073,2025-09-26,Móveis,Cadeira,1,163.11,163.11
2074,2025-09-26,Eletrônicos,Smartphone,3,3644.32,10932.96
2074,2025-09-26,Alimentos,Suco,2,34.44,68.88
2075,2025-09-26,Vestuário,Boné,4,103.8,415.2
2076,2025-09-26,Papelaria,Caneta,4,98.38,393.52
2076,2025-09-26,Vestuário,Boné,3,240.83,722.49
2077,2025-09-26,Móveis,Mesa,1,1857.37,1857.37
2077,2025-09-26,Alimentos,Chocolate,1,54.27,54.27
2077,2025-09-26,Vestuário,Tênis,4,133.52,534.08
2078,2025-09-27,Móveis,Estante,2,1282.42,2564.84
2079,2025-09-27,Vestuário,Tênis,1,162.75,162.75
2079,2025-09-27,Eletrônicos,Notebook,1,623.21,623.21
2079,2025-09-27,Alimentos,Suco,4,41.0,164.0
2080,2025-09-28,Móveis,Mesa,4,1100.07,4400.28
2080,2025-09-28,Móveis,Luminária,1,1039.49,1039.49
2080,2025-09-28,Móveis,Estante,3,1085.68,3257.04
2081,2025-09-28,Vestuário,Boné,3,43.4,130.2
2081,2025-09-28,Móveis,Luminária,1,2015.86,2015.86
2082,2025-09-28,Eletrônicos,Smart TV,4,1300.95,5203.8
2083,2025-09-29,Móveis,Estante,2,1328.84,2657.68
2083,2025-09-29,Eletrônicos,Tablet,1,386.0,386.0
2084,2025-09-29,Móveis,Cadeira,4,1755.57,7022.28
2084,2025-09-29,Móveis,Estante,2,1559.1,3118.2
2085,2025-09-30,Móveis,Estante,1,1184.91,1184.91
2085,2025-09-30,Vestuário,Jaqueta,4,259.23,1036.92
2086,2025-09-30,Vestuário,Boné,2,323.38,646.76
2086,2025-09-30,Alimentos,Cereal,2,10.22,20.44
2086,2025-09-30,Móveis,Cadeira,1,2339.74,2339.74
2087,2025-09-30,Eletrônicos,Smart TV,2,2805.35,5610.7
2088,2025-09-30,Papelaria,Caderno,4,40.76,163.04
2088,2025-09-30,Papelaria,Caneta,4,25.08,100.32
2089,2025-09-30,Papelaria,Caderno,4,62.83,251.32
2089,2025-09-30,Eletrônicos,Tablet,1,3781.93,3781.93
2089,2025-09-30,Vestuário,Boné,4,138.33,553.32
2090,2025-10-01,Eletrônicos,Smartphone,4,3902.51,15610.04
2090,2025-10-01,Eletrônicos,Tablet,4,2347.78,9391.12
2091,2025-10-01,Alimentos,Biscoito,1,40.91,40.91
2092,2025-10-01,Alimentos,Café,2,5.33,10.66
2092,2025-10-01,Eletrônicos,Smart TV,1,566.91,566.91
2093,2025-10-01,Vestuário,Calça Jeans,4,235.94,943.76
2093,2025-10-01,Móveis,Cadeira,3,852.09,2556.27
2093,2025-10-01,Papelaria,Estojo,2,18.17,36.34
2094,2025-10-01,Móveis,Estante,3,1975.66,5926.98
2094,2025-10-01,Móveis,Sofá,1,1436.51,1436.51
2095,2025-10-01,Móveis,Mesa,1,1455.57,1455.57
2095,2025-10-01,Móveis,Sofá,2,163.85,327.7
2096,2025-10-01,Vestuário,Calça Jeans,4,303.02,1212.08
2097,2025-10-01,Alimentos,Café,1,41.0,41.0
2097,2025-10-01,Eletrônicos,Smartphone,1,2696.87,2696.87
2097,2025-10-01,Eletrônicos,Fone de Ouvido,4,2265.53,9062.12
2098,2025-10-01,Eletrônicos,Tablet,1,1803.97,1803.97
2099,2025-10-01,Móveis,Sofá,1,729.78,729.78
2099,2025-10-01,Eletrônicos,Notebook,4,2280.7,9122.8
2100,2025-10-02,Papelaria,Estojo,1,114.45,114.45
2100,2025-10-02,Eletrônicos,Tablet,4,2316.83,9267.32
2100,2025-10-02,Móveis,Mesa,1,1360.87,1360.87
2101,2025-10-02,Eletrônicos,Notebook,4,2302.87,9211.48
2102,2025-10-02,Eletrônicos,Smart TV,1,772.15,772.15
2103,2025-10-02,Eletrônicos,Smartphone,1,473.01,473.01
2103,2025-10-02,Eletrônicos,Tablet,2,496.94,993.88
2103,2025-10-02,Alimentos,Café,3,37.93,113.79
2104,2025-10-02,Vestuário,Jaqueta,4,284.34,1137.36
2104,2025-10-02,Papelaria,Estojo,3,16.65,49.95
2104,2025-10-02,Eletrônicos,Notebook,2,2322.56,4645.12
2105,2025-10-02,Móveis,Mesa,2,775.62,1551.24
2105,2025-10-02,Alimentos,Café,2,6.2,12.4
2106,2025-10-02,Vestuário,Camiseta,4,254.77,1019.08
2107,2025-10-03,Vestuário,Calça Jeans,1,163.46,163.46
2107,2025-10-03,Alimentos,Chocolate,4,33.46,133.84
2108,2025-10-03,Vestuário,Calça Jeans,3,128.47,385.41
2108,2025-10-03,Vestuário,Camiseta,4,144.49,577.96
2109,2025-10-04,Móveis,Sofá,4,1868.79,7475.16
2109,2025-10-04,Vestuário,Boné,3,327.72,983.16
2109,2025-10-04,Eletrônicos,Notebook,1,1175.0,1175.0
2110,2025-10-04,Alimentos,Cereal,3,25.35,76.05
2111,2025-10-05,Eletrônicos,Tablet,4,1451.18,5804.72
2112,2025-10-05,Vestuário,Jaqueta,2,271.58,543.16
2113,2025-10-06,Móveis,Mesa,3,1785.19,5355.57
2113,2025-10-06,Móveis,Cadeira,1,1182.61,1182.61
2114,2025-10-06,Papelaria,Caneta,4,71.29,285.16
2114,2025-10-06,Alimentos,Chocolate,4,15.36,61.44
2114,2025-10-06,Vestuário,Camiseta,2,285.9,571.8
2115,2025-10-06,Eletrônicos,Tablet,2,1172.6,2345.2
2116,2025-10-06,Papelaria,Mochila,3,9.81,29.43
2117,2025-10-07,Vestuário,Tênis,4,110.0,440.0
2117,2025-10-07,Móveis,Sofá,4,1349.96,5399.84
2117,2025-10-07,Vestuário,Tênis,2,206.71,413.42
2118,2025-10-07,Vestuário,Boné,4,145.16,580.64
2118,2025-10-07,Papelaria,Caneta,1,27.81,27.81
2118,2025-10-07,Vestuário,Calça Jeans,2,84.49,168.98
2119,2025-10-07,Eletrônicos,Tablet,2,1725.41,3450.82
2119,2025-10-07,Eletrônicos,Notebook,2,2064.04,4128.08
2119,2025-10-07,Papelaria,Caderno,4,78.7,314.8
2120,2025-10-07,Móveis,Mesa,1,605.11,605.11
2120,2025-10-07,Eletrônicos,Smart TV,1,1696.91,1696.91
2120,2025-10-07,Vestuário,Jaqueta,1,136.72,136.72
2121,2025-10-07,Móveis,Mesa,3,2149.48,6448.44
2121,2025-10-07,Eletrônicos,Tablet,3,1249.66,3748.98
2121,2025-10-07,Móveis,Sofá,1,1949.54,1949.54
2122,2025-10-07,Papelaria,Mochila,3,67.8,203.4
2123,2025-10-07,Móveis,Estante,3,1130.37,3391.11
2123,2025-10-07,Eletrônicos,Notebook,2,2753.15,5506.3
2123,2025-10-07,Eletrônicos,Fone de Ouvido,1,1023.51,1023.51
2124,2025-10-07,Eletrônicos,Smartphone,4,3352.27,13409.08
2125,2025-10-07,Papelaria,Caneta,2,98.13,196.26
2125,2025-10-07,Alimentos,Suco,4,34.58,138.32
2125,2025-10-07,Alimentos,Café,3,27.73,83.19
2126,2025-10-07,Papelaria,Mochila,2,51.5,103.0
2126,2025-10-07,Vestuário,Jaqueta,3,249.82,749.46
2126,2025-10-07,Alimentos,Suco,2,18.29,36.58
2127,2025-10-07,Eletrônicos,Tablet,3,164.51,493.53
2128,2025-10-08,Alimentos,Biscoito,2,39.9,79.8
2128,2025-10-08,Alimentos,Suco,4,34.27,137.08
2128,2025-10-08,Papelaria,Mochila,4,111.65,446.6
2129,2025-10-09,Alimentos,Suco,4,56.04,224.16
2129,2025-10-09,Alimentos,Chocolate,4,48.86,195.44
2129,2025-10-09,Papelaria,Mochila,3,43.94,131.82
2130,2025-10-09,Papelaria,Caneta,3,84.98,254.94
2131,2025-10-09,Papelaria,Agenda,3,32.25,96.75
2131,2025-10-09,Papelaria,Agenda,1,56.78,56.78
2131,2025-10-09,Eletrônicos,Fone de Ouvido,4,312.99,1251.96
2132,2025-10-10,Móveis,Estante,3,1749.74,5249.22
2132,2025-10-10,Eletrônicos,Fone de Ouvido,1,1291.3,1291.3
2132,2025-10-10,Móveis,Mesa,2,794.03,1588.06
2133,2025-10-10,Móveis,Cadeira,4,2443.6,9774.4
2134,2025-10-10,Papelaria,Agenda,1,64.04,64.04
2135,2025-10-10,Eletrônicos,Notebook,1,3387.56,3387.56
2135,2025-10-10,Papelaria,Estojo,3,58.75,176.25
2136,2025-10-10,Móveis,Luminária,2,1417.22,2834.44
2136,2025-10-10,Eletrônicos,Tablet,2,1862.5,3725.0
2137,2025-10-10,Móveis,Luminária,3,142.8,428.4
2138,2025-10-10,Papelaria,Caderno,3,61.93,185.79
2139,2025-10-11,Vestuário,Tênis,3,311.81,935.43
2139,2025-10-11,Alimentos,Suco,2,19.57,39.14
2140,2025-10-11,Eletrônicos,Smartphone,4,3631.14,14524.56
2140,2025-10-11,Móveis,Estante,1,2032.04,2032.04
2140,2025-10-11,Alimentos,Biscoito,2,44.9,89.8
2141,2025-10-12,Alimentos,Chocolate,4,23.57,94.28
2141,2025-10-12,Eletrônicos,Fone de Ouvido,4,2190.94,8763.76
2142,2025-10-12,Móveis,Luminária,4,1833.03,7332.12
2143,2025-10-12,Vestuário,Jaqueta,1,245.68,245.68
2144,2025-10-12,Eletrônicos,Smartphone,2,3082.71,6165.42
2144,2025-10-12,Alimentos,Cereal,1,46.38,46.38
2144,2025-10-12,Eletrônicos,Tablet,3,1675.51,5026.53
2145,2025-10-13,Vestuário,Camiseta,4,297.36,1189.44
2146,2025-10-13,Vestuário,Camiseta,3,90.36,271.08
2146,2025-10-13,Alimentos,Café,4,28.06,112.24
2147,2025-10-13,Vestuário,Calça Jeans,4,287.79,1151.16
2147,2025-10-13,Vestuário,Tênis,4,279.85,1119.4
2147,2025-10-13,Vestuário,Boné,3,278.96,836.88
2148,2025-10-14,Eletrônicos,Smartphone,3,2516.37,7549.11
2148,2025-10-14,Papelaria,Mochila,2,81.45,162.9
2148,2025-10-14,Móveis,Luminária,3,1492.09,4476.27
2149,2025-10-14,Eletrônicos,Fone de Ouvido,3,2590.01,7770.03
2149,2025-10-14,Eletrônicos,Fone de Ouvido,4,2227.52,8910.08
2149,2025-10-14,Alimentos,Chocolate,3,14.92,44.76
2150,2025-10-14,Eletrônicos,Notebook,2,198.49,396.98
2150,2025-10-14,Eletrônicos,Tablet,3,358.94,1076.82
2150,2025-10-14,Papelaria,Caderno,4,85.7,342.8
2151,2025-10-14,Eletrônicos,Notebook,4,1325.5,5302.0
2152,2025-10-14,Móveis,Estante,2,1948.32,3896.64
2153,2025-10-15,Papelaria,Caneta,4,36.43,145.72
2153,2025-10-15,Alimentos,Café,2,41.39,82.78
2154,2025-10-15,Móveis,Luminária,4,1771.45,7085.8
2155,2025-10-15,Vestuário,Tênis,4,34.57,138.28
2155,2025-10-15,Eletrônicos,Notebook,2,668.66,1337.32
2156,2025-10-15,Papelaria,Mochila,1,45.82,45.82
2157,2025-10-15,Eletrônicos,Tablet,1,1323.79,1323.79
2157,2025-10-15,Vestuário,Calça Jeans,4,241.77,967.08
2158,2025-10-15,Papelaria,Estojo,1,57.63,57.63
2159,2025-10-15,Alimentos,Biscoito,1,55.01,55.01
2160,2025-10-15,Móveis,Cadeira,2,596.77,1193.54
2161,2025-10-16,Móveis,Mesa,4,369.38,1477.52
2161,2025-10-16,Papelaria,Caneta,4,5.9,23.6
2162,2025-10-16,Eletrônicos,Smart TV,4,533.95,2135.8
2162,2025-10-16,Papelaria,Estojo,1,9.99,9.99
2162,2025-10-16,Móveis,Sofá,1,1652.97,1652.97
2163,2025-10-16,Vestuário,Jaqueta,1,335.93,335.93
2164,2025-10-17,Vestuário,Camiseta,1,122.23,122.23
2164,2025-10-17,Papelaria,Mochila,3,66.22,198.66
2165,2025-10-17,Eletrônicos,Smartphone,4,992.15,3968.6
2165,2025-10-17,Vestuário,Boné,1,260.5,260.5
2166,2025-10-17,Papelaria,Caneta,3,61.42,184.26
2166,2025-10-17,Alimentos,Biscoito,1,24.99,24.99
2167,2025-10-17,Móveis,Cadeira,3,2377.77,7133.31
2167,2025-10-17,Vestuário,Tênis,3,146.2,438.6
2168,2025-10-17,Eletrônicos,Fone de Ouvido,2,2475.85,4951.7
2168,2025-10-17,Eletrônicos,Fone de Ouvido,4,416.54,1666.16
2168,2025-10-17,Papelaria,Estojo,4,23.33,93.32
2169,2025-10-17,Móveis,Mesa,4,1228.6,4914.4
2169,2025-10-17,Alimentos,Café,2,57.04,114.08
2169,2025-10-17,Vestuário,Calça Jeans,1,109.51,109.51
2170,2025-10-18,Papelaria,Agenda,3,81.04,243.12
2170,2025-10-18,Papelaria,Caneta,2,76.4,152.8
2170,2025-10-18,Papelaria,Caderno,2,99.84,199.68
2171,2025-10-18,Alimentos,Chocolate,4,16.35,65.4
2172,2025-10-18,Vestuário,Calça Jeans,2,80.47,160.94
2172,2025-10-18,Vestuário,Jaqueta,1,100.76,100.76
2173,2025-10-18,Alimentos,Café,1,5.78,5.78
2173,2025-10-18,Vestuário,Calça Jeans,4,287.34,1149.36
2174,2025-10-18,Papelaria,Agenda,4,63.67,254.68
2174,2025-10-18,Vestuário,Camiseta,3,256.52,769.56
2174,2025-10-18,Vestuário,Boné,4,139.8,559.2
2175,2025-10-19,Móveis,Cadeira,2,1957.45,3914.9
2175,2025-10-19,Papelaria,Mochila,3,33.04,99.12
2175,2025-10-19,Vestuário,Camiseta,1,179.61,179.61
2176,2025-10-19,Alimentos,Cereal,1,59.05,59.05
2176,2025-10-19,Móveis,Mesa,3,1833.55,5500.65
2176,2025-10-19,Papelaria,Agenda,3,37.06,111.18
2177,2025-10-19,Móveis,Luminária,3,1027.46,3082.38
2178,2025-10-19,Eletrônicos,Fone de Ouvido,4,3978.92,15915.68
2178,2025-10-19,Alimentos,Biscoito,2,42.86,85.72
2178,2025-10-19,Alimentos,Biscoito,3,20.74,62.22
2179,2025-10-20,Vestuário,Boné,3,163.23,489.69
2179,2025-10-20,Eletrônicos,Tablet,1,2420.86,2420.86
2179,2025-10-20,Móveis,Cadeira,2,488.55,977.1
2180,2025-10-20,Móveis,Mesa,1,996.11,996.11
2180,2025-10-20,Papelaria,Caneta,2,112.03,224.06
2181,2025-10-20,Eletrônicos,Notebook,3,3501.02,10503.06
2182,2025-10-20,Eletrônicos,Notebook,3,332.94,998.82
2183,2025-10-20,Papelaria,Agenda,2,71.44,142.88
2184,2025-10-20,Alimentos,Biscoito,2,40.72,81.44
2185,2025-10-20,Papelaria,Caneta,2,114.03,228.06
2186,2025-10-21,Papelaria,Estojo,2,68.7,137.4
2186,2025-10-21,Vestuário,Calça Jeans,3,162.05,486.15
2187,2025-10-21,Eletrônicos,Notebook,3,1207.94,3623.82
2187,2025-10-21,Alimentos,Biscoito,2,22.55,45.1
2187,2025-10-21,Móveis,Mesa,4,1424.84,5699.36
2188,2025-10-21,Alimentos,Café,1,49.5,49.5
2188,2025-10-21,Móveis,Sofá,3,1817.53,5452.59
2188,2025-10-21,Alimentos,Biscoito,4,32.62,130.48
2189,2025-10-21,Papelaria,Caderno,4,104.48,417.92
2189,2025-10-21,Móveis,Mesa,1,622.97,622.97
2190,2025-10-22,Alimentos,Suco,1,9.05,9.05
2191,2025-10-22,Papelaria,Agenda,2,58.17,116.34
2191,2025-10-22,Móveis,Luminária,4,2418.83,9675.32
2191,2025-10-22,Eletrônicos,Notebook,4,866.74,3466.96
2192,2025-10-22,Alimentos,Suco,1,22.25,22.25
2192,2025-10-22,Alimentos,Chocolate,3,44.96,134.88
2192,2025-10-22,Móveis,Cadeira,2,848.27,1696.54
2193,2025-10-23,Móveis,Cadeira,1,2338.67,2338.67
2193,2025-10-23,Vestuário,Tênis,2,139.28,278.56
2194,2025-10-23,Papelaria,Estojo,2,33.46,66.92
2194,2025-10-23,Eletrônicos,Smartphone,1,910.0,910.0
2194,2025-10-23,Móveis,Cadeira,1,104.64,104.64
2195,2025-10-23,Eletrônicos,Notebook,4,1518.31,6073.24
2195,2025-10-23,Móveis,Sofá,4,740.97,2963.88
2195,2025-10-23,Vestuário,Camiseta,1,138.42,138.42
2196,2025-10-23,Alimentos,Cereal,2,34.34,68.68
2197,2025-10-23,Papelaria,Agenda,4,52.18,208.72
2197,2025-10-23,Eletrônicos,Tablet,2,1662.22,3324.44
2198,2025-10-23,Eletrônicos,Smart TV,1,517.84,517.84
2199,2025-10-24,Eletrônicos,Smartphone,4,3087.55,12350.2
2200,2025-10-24,Móveis,Cadeira,2,1333.67,2667.34
2200,2025-10-24,Papelaria,Caderno,1,112.41,112.41
2201,2025-10-25,Eletrônicos,Smart TV,3,1802.38,5407.14
2201,2025-10-25,Vestuário,Boné,3,345.64,1036.92
2202,2025-10-25,Papelaria,Caneta,3,33.96,101.88
2203,2025-10-25,Móveis,Sofá,2,153.18,306.36
2203,2025-10-25,Papelaria,Caneta,4,45.6,182.4
2204,2025-10-25,Vestuário,Boné,4,247.13,988.52
2205,2025-10-26,Papelaria,Caderno,2,74.42,148.84
2205,2025-10-26,Móveis,Sofá,1,135.88,135.88
2205,2025-10-26,Eletrônicos,Fone de Ouvido,2,3180.91,6361.82
2206,2025-10-26,Móveis,Sofá,1,1995.94,1995.94
2206,2025-10-26,Eletrônicos,Smartphone,3,1565.48,4696.44
2207,2025-10-26,Vestuário,Tênis,2,236.7,473.4
2208,2025-10-26,Móveis,Sofá,3,1477.51,4432.53
2208,2025-10-26,Móveis,Mesa,1,1445.29,1445.29
2209,2025-10-26,Móveis,Luminária,4,979.58,3918.32
2209,2025-10-26,Eletrônicos,Smart TV,3,3916.55,11749.65
2209,2025-10-26,Eletrônicos,Tablet,4,1797.12,7188.48
2210,2025-10-26,Móveis,Luminária,4,519.0,2076.0
2210,2025-10-26,Vestuário,Calça Jeans,2,257.9,515.8
2210,2025-10-26,Vestuário,Tênis,1,58.46,58.46
2211,2025-10-27,Móveis,Mesa,3,769.52,2308.56
2211,2025-10-27,Móveis,Sofá,2,302.25,604.5
2211,2025-10-27,Alimentos,Suco,4,46.16,184.64
2212,2025-10-27,Vestuário,Boné,4,247.54,990.16
2213,2025-10-27,Móveis,Luminária,3,155.47,466.41
2214,2025-10-27,Alimentos,Suco,1,35.71,35.71
2214,2025-10-27,Alimentos,Chocolate,4,55.06,220.24
2215,2025-10-27,Papelaria,Caderno,4,19.68,78.72
2215,2025-10-27,Alimentos,Café,2,13.24,26.48
2216,2025-10-27,Papelaria,Caderno,3,47.22,141.66
2216,2025-10-27,Vestuário,Boné,4,308.37,1233.48
2217,2025-10-27,Móveis,Cadeira,3,1376.59,4129.77
2218,2025-10-28,Eletrônicos,Tablet,4,468.53,1874.12
2218,2025-10-28,Móveis,Cadeira,4,577.4,2309.6
2219,2025-10-28,Papelaria,Agenda,2,20.5,41.0
2220,2025-10-28,Vestuário,Camiseta,2,193.98,387.96
2220,2025-10-28,Alimentos,Chocolate,4,18.82,75.28
2221,2025-10-28,Vestuário,Calça Jeans,1,272.15,272.15
2221,2025-10-28,Eletrônicos,Smart TV,2,3914.05,7828.1
2221,2025-10-28,Eletrônicos,Fone de Ouvido,2,2014.42,4028.84
2222,2025-10-28,Papelaria,Estojo,2,89.82,179.64
2222,2025-10-28,Vestuário,Boné,2,127.19,254.38
2223,2025-10-28,Vestuário,Jaqueta,3,296.11,888.33
2223,2025-10-28,Eletrônicos,Tablet,2,3395.36,6790.72
2223,2025-10-28,Alimentos,Chocolate,3,50.66,151.98
2224,2025-10-28,Alimentos,Suco,3,36.87,110.61
2224,2025-10-28,Papelaria,Caderno,4,105.1,420.4
2224,2025-10-28,Alimentos,Café,1,37.09,37.09
2225,2025-10-28,Móveis,Sofá,2,2104.06,4208.12
2225,2025-10-28,Eletrônicos,Notebook,1,1826.54,1826.54
2226,2025-10-28,Papelaria,Caneta,2,25.26,50.52
2226,2025-10-28,Alimentos,Cereal,2,56.34,112.68
2226,2025-10-28,Eletrônicos,Smartphone,4,1568.79,6275.16
2227,2025-10-29,Móveis,Luminária,2,2418.53,4837.06
2227,2025-10-29,Vestuário,Jaqueta,4,39.13,156.52
2228,2025-10-29,Vestuário,Jaqueta,1,78.69,78.69
2228,2025-10-29,Móveis,Sofá,2,1669.36,3338.72
2228,2025-10-29,Eletrônicos,Tablet,4,3941.76,15767.04
2229,2025-10-29,Móveis,Cadeira,3,2402.51,7207.53
2229,2025-10-29,Alimentos,Biscoito,2,21.03,42.06
2230,2025-10-29,Móveis,Cadeira,3,437.85,1313.55
2231,2025-10-29,Vestuário,Jaqueta,4,228.19,912.76
2231,2025-10-29,Móveis,Estante,3,161.07,483.21
2232,2025-10-29,Móveis,Sofá,3,1778.91,5336.73
2233,2025-10-30,Vestuário,Tênis,2,68.87,137.74
2234,2025-10-30,Móveis,Luminária,4,683.86,2735.44
2234,2025-10-30,Móveis,Sofá,3,1308.58,3925.74
2234,2025-10-30,Alimentos,Biscoito,2,49.41,98.82
2235,2025-10-30,Papelaria,Mochila,4,36.53,146.12
2235,2025-10-30,Vestuário,Jaqueta,3,215.05,645.15
2236,2025-10-30,Vestuário,Calça Jeans,4,36.78,147.12
2237,2025-10-30,Eletrônicos,Notebook,2,392.91,785.82
2237,2025-10-30,Eletrônicos,Smart TV,4,1489.92,5959.68
2237,2025-10-30,Eletrônicos,Fone de Ouvido,1,3337.46,3337.46
2238,2025-10-30,Vestuário,Camiseta,4,126.83,507.32
2238,2025-10-30,Eletrônicos,Notebook,2,3892.57,7785.14
2238,2025-10-30,Móveis,Cadeira,4,607.08,2428.32
2239,2025-10-31,Eletrônicos,Tablet,3,287.63,862.89
2240,2025-10-31,Alimentos,Café,3,10.18,30.54
2240,2025-10-31,Eletrônicos,Notebook,3,3025.98,9077.94
2240,2025-10-31,Móveis,Sofá,1,149.23,149.23
2241,2025-10-31,Alimentos,Biscoito,2,13.0,26.0
2241,2025-10-31,Eletrônicos,Smart TV,2,1823.99,3647.98
2241,2025-10-31,Eletrônicos,Smart TV,4,624.73,2498.92
2242,2025-11-02,Móveis,Sofá,4,988.36,3953.44
2242,2025-11-02,Papelaria,Caneta,1,64.72,64.72
2243,2025-11-02,Vestuário,Boné,4,119.67,478.68
2244,2025-11-02,Papelaria,Mochila,1,108.66,108.66
2245,2025-11-02,Papelaria,Agenda,4,75.85,303.4
2245,2025-11-02,Alimentos,Cereal,1,6.85,6.85
2245,2025-11-02,Papelaria,Caderno,4,56.23,224.92
2246,2025-11-03,Alimentos,Biscoito,3,34.82,104.46
2246,2025-11-03,Vestuário,Jaqueta,4,230.53,922.12
2247,2025-11-03,Alimentos,Chocolate,3,26.33,78.99
2247,2025-11-03,Papelaria,Mochila,4,102.65,410.6
2248,2025-11-03,Eletrônicos,Smartphone,1,872.3,872.3
2248,2025-11-03,Eletrônicos,Smart TV,4,2767.92,11071.68
2248,2025-11-03,Móveis,Estante,1,1884.71,1884.71
2249,2025-11-04,Vestuário,Boné,4,337.83,1351.32
2249,2025-11-04,Alimentos,Biscoito,3,39.61,118.83
2249,2025-11-04,Eletrônicos,Notebook,2,3579.68,7159.36
2250,2025-11-04,Móveis,Luminária,1,856.14,856.14
2250,2025-11-04,Móveis,Mesa,2,799.79,1599.58
2250,2025-11-04,Alimentos,Biscoito,1,58.08,58.08
2251,2025-11-04,Móveis,Luminária,1,1235.15,1235.15
2251,2025-11-04,Alimentos,Chocolate,4,15.66,62.64
2252,2025-11-04,Móveis,Estante,3,1654.41,4963.23
2253,2025-11-05,Papelaria,Mochila,2,41.59,83.18
2254,2025-11-05,Eletrônicos,Smart TV,3,3037.74,9113.22
2255,2025-11-05,Eletrônicos,Notebook,1,2841.26,2841.26
2256,2025-11-05,Papelaria,Caneta,1,111.08,111.08
2257,2025-11-05,Alimentos,Cereal,1,19.91,19.91
2257,2025-11-05,Eletrônicos,Tablet,2,3777.99,7555.98
2258,2025-11-05,Papelaria,Agenda,2,50.76,101.52
2258,2025-11-05,Papelaria,Estojo,3,75.33,225.99
2258,2025-11-05,Móveis,Mesa,3,312.72,938.16
2259,2025-11-06,Eletrônicos,Smart TV,2,2402.22,4804.44
2260,2025-11-06,Eletrônicos,Notebook,1,3341.38,3341.38
2260,2025-11-06,Eletrônicos,Smartphone,2,2895.89,5791.78
2260,2025-11-06,Papelaria,Mochila,3,80.62,241.86
2261,2025-11-07,Alimentos,Cereal,2,25.24,50.48
2261,2025-11-07,Vestuário,Boné,2,261.75,523.5
2261,2025-11-07,Alimentos,Suco,1,5.24,5.24
2262,2025-11-07,Papelaria,Estojo,1,39.22,39.22
2262,2025-11-07,Móveis,Cadeira,4,1034.48,4137.92
2263,2025-11-07,Vestuário,Tênis,1,55.71,55.71
2263,2025-11-07,Móveis,Luminária,2,707.79,1415.58
2263,2025-11-07,Eletrônicos,Notebook,2,3899.43,7798.86
2264,2025-11-07,Eletrônicos,Smartphone,1,2041.69,2041.69
2264,2025-11-07,Vestuário,Tênis,4,215.59,862.36
2265,2025-11-07,Vestuário,Jaqueta,3,83.25,249.75
2265,2025-11-07,Eletrônicos,Notebook,4,3993.37,15973.48
2266,2025-11-07,Vestuário,Camiseta,2,75.46,150.92
2266,2025-11-07,Papelaria,Caderno,4,54.98,219.92
2266,2025-11-07,Vestuário,Calça Jeans,1,200.04,200.04
2267,2025-11-08,Vestuário,Tênis,2,267.29,534.58
2267,2025-11-08,Alimentos,Cereal,1,52.72,52.72
2268,2025-11-08,Vestuário,Camiseta,4,140.78,563.12
2268,2025-11-08,Papelaria,Agenda,1,46.98,46.98
2269,2025-11-08,Eletrônicos,Smart TV,3,3990.43,11971.29
2269,2025-11-08,Alimentos,Chocolate,2,33.22,66.44
2270,2025-11-08,Papelaria,Caneta,4,95.69,382.76
2270,2025-11-08,Vestuário,Camiseta,3,140.86,422.58
2270,2025-11-08,Alimentos,Biscoito,4,58.66,234.64
2271,2025-11-09,Eletrônicos,Smart TV,3,2493.43,7480.29
2272,2025-11-09,Eletrônicos,Notebook,2,1672.31,3344.62
2272,2025-11-09,Papelaria,Mochila,3,75.17,225.51
2272,2025-11-09,Eletrônicos,Smart TV,1,3808.82,3808.82
2273,2025-11-09,Vestuário,Tênis,3,56.31,168.93
2274,2025-11-09,Alimentos,Cereal,2,38.06,76.12
2274,2025-11-09,Móveis,Cadeira,1,802.97,802.97
2274,2025-11-09,Papelaria,Mochila,2,101.45,202.9
2275,2025-11-09,Papelaria,Estojo,4,107.29,429.16
2276,2025-11-09,Alimentos,Biscoito,2,54.93,109.86
2277,2025-11-09,Vestuário,Jaqueta,1,76.12,76.12
2277,2025-11-09,Vestuário,Jaqueta,2,302.95,605.9
2277,2025-11-09,Alimentos,Cereal,2,38.74,77.48
2278,2025-11-10,Móveis,Cadeira,1,1119.11,1119.11
2279,2025-11-10,Móveis,Cadeira,4,140.34,561.36
2279,2025-11-10,Alimentos,Café,3,10.68,32.04
2280,2025-11-10,Vestuário,Camiseta,3,72.31,216.93
2280,2025-11-10,Alimentos,Chocolate,4,21.21,84.84
2281,2025-11-10,Alimentos,Suco,1,45.41,45.41
2281,2025-11-10,Alimentos,Biscoito,1,27.81,27.81
2281,2025-11-10,Eletrônicos,Fone de Ouvido,4,549.36,2197.44
2282,2025-11-10,Papelaria,Caneta,2,66.36,132.72
2282,2025-11-10,Vestuário,Jaqueta,4,32.88,131.52
2283,2025-11-10,Alimentos,Cereal,4,14.16,56.64
2284,2025-11-10,Móveis,Estante,4,1995.35,7981.4
2284,2025-11-10,Alimentos,Café,3,34.25,102.75
2285,2025-11-10,Móveis,Cadeira,1,2216.11,2216.11
2286,2025-11-10,Eletrônicos,Notebook,1,793.46,793.46
2286,2025-11-10,Eletrônicos,Smartphone,4,2052.38,8209.52
2286,2025-11-10,Eletrônicos,Smart TV,1,3465.95,3465.95
2287,2025-11-11,Móveis,Luminária,4,203.51,814.04
2287,2025-11-11,Vestuário,Tênis,2,126.76,253.52
2287,2025-11-11,Papelaria,Agenda,3,43.02,129.06
2288,2025-11-11,Eletrônicos,Tablet,4,3305.14,13220.56
2288,2025-11-11,Alimentos,Suco,1,14.4,14.4
2289,2025-11-11,Vestuário,Jaqueta,1,240.81,240.81
2290,2025-11-11,Eletrônicos,Fone de Ouvido,3,763.24,2289.72
2290,2025-11-11,Papelaria,Mochila,3,71.21,213.63
2290,2025-11-11,Alimentos,Suco,3,33.04,99.12
2291,2025-11-11,Vestuário,Camiseta,4,129.12,516.48
2291,2025-11-11,Vestuário,Tênis,3,32.83,98.49
2292,2025-11-11,Móveis,Cadeira,1,1792.27,1792.27
2292,2025-11-11,Móveis,Mesa,3,924.21,2772.63
2293,2025-11-11,Vestuário,Tênis,2,319.9,639.8
2293,2025-11-11,Alimentos,Suco,4,54.6,218.4
2294,2025-11-12,Eletrônicos,Smart TV,2,2189.63,4379.26
2294,2025-11-12,Papelaria,Caderno,3,41.92,125.76
2295,2025-11-12,Papelaria,Mochila,2,73.27,146.54
2295,2025-11-12,Eletrônicos,Smartphone,3,3459.96,10379.88
2295,2025-11-12,Papelaria,Estojo,2,83.22,166.44
2296,2025-11-12,Vestuário,Calça Jeans,1,333.63,333.63
2297,2025-11-13,Alimentos,Cereal,1,56.18,56.18
2297,2025-11-13,Alimentos,Suco,4,33.12,132.48
2297,2025-11-13,Papelaria,Estojo,2,109.79,219.58
2298,2025-11-13,Alimentos,Suco,2,5.36,10.72
2299,2025-11-13,Vestuário,Camiseta,2,298.21,596.42
2299,2025-11-13,Papelaria,Caneta,3,71.6,214.8
2299,2025-11-13,Móveis,Luminária,4,1737.98,6951.92
2300,2025-11-13,Eletrônicos,Fone de Ouvido,4,2911.46,11645.84
2301,2025-11-13,Alimentos,Café,1,28.07,28.07
2301,2025-11-13,Eletrônicos,Notebook,2,975.66,1951.32
2301,2025-11-13,Eletrônicos,Smart TV,2,3413.57,6827.14
2302,2025-11-13,Móveis,Estante,3,2348.05,7044.15
2302,2025-11-13,Vestuário,Camiseta,1,212.13,212.13
2302,2025-11-13,Papelaria,Estojo,2,54.69,109.38
2303,2025-11-13,Móveis,Mesa,2,2098.07,4196.14
2303,2025-11-13,Vestuário,Camiseta,2,312.26,624.52
2304,2025-11-14,Eletrônicos,Fone de Ouvido,1,2951.68,2951.68
2304,2025-11-14,Papelaria,Mochila,4,91.08,364.32
2305,2025-11-14,Papelaria,Estojo,3,26.64,79.92
2305,2025-11-14,Eletrônicos,Smartphone,3,3824.23,11472.69
2305,2025-11-14,Eletrônicos,Smartphone,2,550.45,1100.9
2306,2025-11-14,Eletrônicos,Tablet,4,3224.95,12899.8
2306,2025-11-14,Papelaria,Estojo,2,12.86,25.72
2307,2025-11-14,Móveis,Luminária,4,271.48,1085.92
2307,2025-11-14,Papelaria,Estojo,4,20.34,81.36
2307,2025-11-14,Vestuário,Tênis,1,171.78,171.78
2308,2025-11-15,Móveis,Estante,2,1603.51,3207.02
2308,2025-11-15,Alimentos,Café,2,10.17,20.34
2309,2025-11-16,Eletrônicos,Smart TV,3,2377.16,7131.48
2309,2025-11-16,Vestuário,Calça Jeans,1,103.95,103.95
2310,2025-11-16,Vestuário,Jaqueta,1,302.4,302.4
2310,2025-11-16,Papelaria,Mochila,3,57.41,172.23
2311,2025-11-16,Papelaria,Caderno,2,7.88,15.76
2312,2025-11-16,Alimentos,Chocolate,3,25.03,75.09
2312,2025-11-16,Móveis,Estante,1,448.27,448.27
2312,2025-11-16,Móveis,Luminária,4,496.96,1987.84
2313,2025-11-16,Vestuário,Boné,2,240.07,480.14
2314,2025-11-17,Vestuário,Calça Jeans,1,208.48,208.48
2314,2025-11-17,Eletrônicos,Smartphone,1,2639.16,2639.16
2315,2025-11-17,Alimentos,Biscoito,2,7.48,14.96
2316,2025-11-17,Móveis,Cadeira,1,1792.08,1792.08
2317,2025-11-18,Vestuário,Calça Jeans,1,221.15,221.15
2317,2025-11-18,Móveis,Luminária,3,105.24,315.72
2318,2025-11-18,Móveis,Sofá,2,2005.99,4011.98
2318,2025-11-18,Vestuário,Boné,3,323.43,970.29
2319,2025-11-18,Eletrônicos,Notebook,1,2585.48,2585.48
2319,2025-11-18,Papelaria,Mochila,2,87.35,174.7
2319,2025-11-18,Móveis,Cadeira,1,913.45,913.45
2320,2025-11-19,Móveis,Cadeira,1,1647.5,1647.5
2320,2025-11-19,Alimentos,Chocolate,3,37.74,113.22
2321,2025-11-19,Papelaria,Mochila,2,47.83,95.66
2321,2025-11-19,Alimentos,Chocolate,3,47.71,143.13
2322,2025-11-19,Eletrônicos,Fone de Ouvido,1,1136.18,1136.18
2322,2025-11-19,Alimentos,Cereal,1,13.57,13.57
2323,2025-11-19,Vestuário,Tênis,4,47.67,190.68
2323,2025-11-19,Papelaria,Caneta,2,98.91,197.82
2324,2025-11-20,Móveis,Cadeira,3,355.47,1066.41
2324,2025-11-20,Móveis,Estante,2,2408.0,4816.0
2324,2025-11-20,Eletrônicos,Tablet,4,3122.06,12488.24
2325,2025-11-21,Vestuário,Calça Jeans,2,330.1,660.2
2325,2025-11-21,Vestuário,Boné,1,149.99,149.99
2325,2025-11-21,Alimentos,Biscoito,3,20.43,61.29
2326,2025-11-21,Eletrônicos,Smart TV,4,3284.16,13136.64
2327,2025-11-21,Vestuário,Camiseta,4,67.13,268.52
2327,2025-11-21,Eletrônicos,Notebook,1,480.37,480.37
2328,2025-11-21,Alimentos,Chocolate,2,46.44,92.88
2328,2025-11-21,Vestuário,Calça Jeans,3,262.63,787.89
2329,2025-11-22,Papelaria,Agenda,1,48.07,48.07
2329,2025-11-22,Alimentos,Suco,4,27.28,109.12
2330,2025-11-22,Papelaria,Mochila,4,11.38,45.52
2330,2025-11-22,Eletrônicos,Notebook,2,2966.69,5933.38
2330,2025-11-22,Móveis,Luminária,2,320.55,641.1
2331,2025-11-22,Papelaria,Caderno,2,39.82,79.64
2331,2025-11-22,Vestuário,Jaqueta,3,335.87,1007.61
2331,2025-11-22,Eletrônicos,Notebook,4,3190.99,12763.96
2332,2025-11-22,Papelaria,Agenda,3,23.44,70.32
2332,2025-11-22,Móveis,Luminária,3,468.68,1406.04
2333,2025-11-22,Móveis,Sofá,3,585.91,1757.73
2333,2025-11-22,Vestuário,Jaqueta,2,54.55,109.1
2333,2025-11-22,Vestuário,Tênis,2,224.95,449.9
2334,2025-11-23,Papelaria,Caderno,3,17.27,51.81
2335,2025-11-23,Eletrônicos,Fone de Ouvido,1,3510.85,3510.85
2335,2025-11-23,Papelaria,Mochila,3,29.02,87.06
2336,2025-11-23,Vestuário,Boné,4,219.26,877.04
2337,2025-11-24,Móveis,Cadeira,2,846.5,1693.0
2337,2025-11-24,Alimentos,Café,3,57.2,171.6
2338,2025-11-25,Papelaria,Estojo,4,67.9,271.6
2338,2025-11-25,Papelaria,Caderno,4,105.62,422.48
2338,2025-11-25,Eletrônicos,Fone de Ouvido,2,776.22,1552.44
2339,2025-11-25,Vestuário,Tênis,1,241.52,241.52
2339,2025-11-25,Alimentos,Biscoito,3,31.7,95.1
2340,2025-11-26,Eletrônicos,Fone de Ouvido,4,1099.48,4397.92
2340,2025-11-26,Papelaria,Caneta,2,56.53,113.06
2341,2025-11-26,Papelaria,Estojo,2,57.66,115.32
2341,2025-11-26,Papelaria,Caderno,4,69.53,278.12
2341,2025-11-26,Móveis,Mesa,4,819.73,3278.92
2342,2025-11-26,Alimentos,Chocolate,1,52.85,52.85
2342,2025-11-26,Móveis,Estante,1,1575.14,1575.14
2342,2025-11-26,Papelaria,Caderno,4,105.1,420.4
2343,2025-11-26,Alimentos,Biscoito,2,19.14,38.28
2343,2025-11-26,Alimentos,Cereal,1,55.46,55.46
2343,2025-11-26,Vestuário,Jaqueta,3,130.73,392.19
2344,2025-11-27,Móveis,Mesa,3,1048.61,3145.83
2344,2025-11-27,Vestuário,Boné,4,325.7,1302.8
2345,2025-11-27,Vestuário,Boné,2,334.97,669.94
2346,2025-11-27,Papelaria,Estojo,3,13.24,39.72
2346,2025-11-27,Móveis,Luminária,1,1459.52,1459.52
2346,2025-11-27,Eletrônicos,Smartphone,3,3349.84,10049.52
2347,2025-11-27,Eletrônicos,Fone de Ouvido,4,1750.49,7001.96
2347,2025-11-27,Papelaria,Agenda,2,113.7,227.4
2347,2025-11-27,Papelaria,Estojo,2,12.93,25.86
2348,2025-11-27,Vestuário,Tênis,1,112.95,112.95
2348,2025-11-27,Eletrônicos,Notebook,1,1925.4,1925.4
2348,2025-11-27,Papelaria,Agenda,3,49.44,148.32
2349,2025-11-28,Vestuário,Tênis,4,165.13,660.52
2349,2025-11-28,Móveis,Mesa,3,1822.35,5467.05
2350,2025-11-28,Eletrônicos,Smart TV,2,3465.81,6931.62
2350,2025-11-28,Móveis,Mesa,1,631.38,631.38
2350,2025-11-28,Móveis,Mesa,4,1377.63,5510.52
2351,2025-11-28,Papelaria,Estojo,2,47.35,94.7
2352,2025-11-28,Papelaria,Caneta,1,51.95,51.95
2352,2025-11-28,Móveis,Estante,3,246.81,740.43
2353,2025-11-28,Eletrônicos,Tablet,4,2916.0,11664.0
2354,2025-11-29,Alimentos,Cereal,2,57.69,115.38
2355,2025-11-29,Alimentos,Suco,4,19.99,79.96
2356,2025-11-29,Eletrônicos,Fone de Ouvido,3,550.69,1652.07
2356,2025-11-29,Alimentos,Cereal,2,6.33,12.66
2357,2025-11-29,Alimentos,Chocolate,3,52.34,157.02
2358,2025-11-29,Papelaria,Caderno,4,24.83,99.32
2359,2025-11-30,Móveis,Estante,2,1833.91,3667.82
2359,2025-11-30,Eletrônicos,Smartphone,2,3623.38,7246.76
2359,2025-11-30,Eletrônicos,Notebook,3,1259.38,3778.14
2360,2025-11-30,Papelaria,Agenda,3,40.64,121.92
2360,2025-11-30,Vestuário,Calça Jeans,2,281.55,563.1
2361,2025-11-30,Papelaria,Caderno,2,28.51,57.02
2361,2025-11-30,Móveis,Cadeira,4,1226.28,4905.12
2361,2025-11-30,Alimentos,Café,4,6.23,24.92
2362,2025-11-30,Papelaria,Caneta,4,32.55,130.2
2362,2025-11-30,Móveis,Estante,2,1916.52,3833.04
2362,2025-11-30,Móveis,Sofá,4,1713.05,6852.2
2363,2025-11-30,Papelaria,Mochila,4,92.61,370.44
2363,2025-11-30,Eletrônicos,Tablet,3,399.86,1199.58
2363,2025-11-30,Vestuário,Camiseta,3,259.76,779.28
2364,2025-11-30,Vestuário,Calça Jeans,3,207.44,622.32
2364,2025-11-30,Alimentos,Biscoito,2,14.61,29.22
2365,2025-12-01,Eletrônicos,Notebook,4,2489.35,9957.4
2365,2025-12-01,Papelaria,Agenda,4,76.59,306.36
2366,2025-12-01,Papelaria,Agenda,2,42.62,85.24
2366,2025-12-01,Vestuário,Tênis,1,228.71,228.71
2367,2025-12-01,Eletrônicos,Notebook,3,3621.37,10864.11
2367,2025-12-01,Alimentos,Café,4,11.59,46.36
2368,2025-12-01,Móveis,Sofá,2,1804.93,3609.86
2368,2025-12-01,Móveis,Luminária,1,696.98,696.98
2369,2025-12-01,Vestuário,Jaqueta,2,51.0,102.0
2370,2025-12-01,Vestuário,Tênis,2,162.32,324.64
2370,2025-12-01,Vestuário,Boné,2,299.43,598.86
2371,2025-12-01,Vestuário,Jaqueta,3,225.1,675.3
2372,2025-12-02,Alimentos,Chocolate,2,41.9,83.8
2373,2025-12-02,Móveis,Cadeira,3,510.43,1531.29
2373,2025-12-02,Papelaria,Mochila,2,31.24,62.48
2373,2025-12-02,Alimentos,Biscoito,2,24.31,48.62
2374,2025-12-03,Móveis,Cadeira,3,978.39,2935.17
2374,2025-12-03,Eletrônicos,Tablet,4,281.07,1124.28
2374,2025-12-03,Eletrônicos,Fone de Ouvido,3,2507.41,7522.23
2375,2025-12-03,Papelaria,Estojo,2,82.53,165.06
2375,2025-12-03,Móveis,Luminária,4,315.92,1263.68
2376,2025-12-03,Alimentos,Biscoito,3,29.0,87.0
2376,2025-12-03,Papelaria,Mochila,2,93.04,186.08
2376,2025-12-03,Vestuário,Jaqueta,4,252.15,1008.6
2377,2025-12-03,Móveis,Mesa,4,228.19,912.76
2377,2025-12-03,Vestuário,Calça Jeans,2,170.91,341.82
2378,2025-12-03,Móveis,Luminária,1,1240.22,1240.22
2378,2025-12-03,Alimentos,Chocolate,4,7.33,29.32
2378,2025-12-03,Eletrônicos,Smartphone,1,657.57,657.57
2379,2025-12-04,Vestuário,Jaqueta,4,37.39,149.56
2379,2025-12-04,Eletrônicos,Notebook,4,3788.27,15153.08
2380,2025-12-04,Móveis,Luminária,2,1215.69,2431.38
2380,2025-12-04,Alimentos,Café,1,47.88,47.88
2380,2025-12-04,Papelaria,Agenda,4,78.59,314.36
2381,2025-12-05,Vestuário,Calça Jeans,3,233.4,700.2
2382,2025-12-05,Eletrônicos,Fone de Ouvido,4,1158.43,4633.72
2382,2025-12-05,Móveis,Sofá,1,1851.45,1851.45
2382,2025-12-05,Papelaria,Caneta,2,58.26,116.52
2383,2025-12-05,Vestuário,Jaqueta,2,159.13,318.26
2383,2025-12-05,Vestuário,Tênis,4,152.58,610.32
2383,2025-12-05,Alimentos,Suco,3,32.14,96.42
2384,2025-12-06,Papelaria,Mochila,4,80.17,320.68
2385,2025-12-06,Alimentos,Chocolate,2,47.31,94.62
2385,2025-12-06,Papelaria,Mochila,3,47.76,143.28
2385,2025-12-06,Alimentos,Café,1,35.68,35.68
2386,2025-12-06,Eletrônicos,Notebook,4,993.07,3972.28
2387,2025-12-06,Vestuário,Calça Jeans,4,168.95,675.8
2387,2025-12-06,Papelaria,Estojo,2,56.76,113.52
2388,2025-12-07,Móveis,Cadeira,4,1255.44,5021.76
2388,2025-12-07,Eletrônicos,Smart TV,3,1829.56,5488.68
2389,2025-12-07,Vestuário,Jaqueta,2,226.45,452.9
2389,2025-12-07,Móveis,Luminária,3,1168.27,3504.81
2389,2025-12-07,Papelaria,Caneta,4,84.12,336.48
2390,2025-12-07,Móveis,Cadeira,4,2429.33,9717.32
2391,2025-12-07,Eletrônicos,Fone de Ouvido,1,3382.33,3382.33
2391,2025-12-07,Vestuário,Boné,1,186.39,186.39
2392,2025-12-07,Eletrônicos,Smart TV,2,1293.24,2586.48
2392,2025-12-07,Papelaria,Caderno,1,82.68,82.68
2392,2025-12-07,Alimentos,Café,2,25.66,51.32
2393,2025-12-07,Alimentos,Biscoito,2,19.31,38.62
2394,2025-12-08,Papelaria,Mochila,1,5.89,5.89
2395,2025-12-08,Papelaria,Estojo,3,77.15,231.45
2395,2025-12-08,Móveis,Mesa,1,2411.09,2411.09
2396,2025-12-08,Vestuário,Tênis,4,318.23,1272.92
2396,2025-12-08,Alimentos,Cereal,3,21.46,64.38
2397,2025-12-09,Vestuário,Boné,3,115.53,346.59
2398,2025-12-09,Eletrônicos,Tablet,2,1808.43,3616.86
2398,2025-12-09,Papelaria,Estojo,4,31.51,126.04
2398,2025-12-09,Vestuário,Boné,4,308.19,1232.76
2399,2025-12-09,Papelaria,Caderno,4,50.13,200.52
2399,2025-12-09,Vestuário,Camiseta,1,248.67,248.67
2399,2025-12-09,Vestuário,Jaqueta,3,48.75,146.25
2400,2025-12-09,Eletrônicos,Smart TV,4,2856.42,11425.68
2401,2025-12-09,Eletrônicos,Smart TV,4,1360.74,5442.96
2402,2025-12-10,Alimentos,Suco,4,27.15,108.6
2403,2025-12-10,Vestuário,Boné,2,331.83,663.66
2403,2025-12-10,Móveis,Luminária,2,804.82,1609.64
2403,2025-12-10,Móveis,Estante,4,1410.46,5641.84
2404,2025-12-11,Alimentos,Suco,4,42.19,168.76
2405,2025-12-11,Vestuário,Camiseta,3,186.3,558.9
2405,2025-12-11,Alimentos,Chocolate,3,56.21,168.63
2405,2025-12-11,Alimentos,Biscoito,4,45.7,182.8
2406,2025-12-11,Papelaria,Agenda,1,86.57,86.57
2406,2025-12-11,Vestuário,Tênis,4,256.79,1027.16
2406,2025-12-11,Vestuário,Calça Jeans,2,212.52,425.04
2407,2025-12-11,Alimentos,Café,2,16.0,32.0
2407,2025-12-11,Papelaria,Agenda,4,19.5,78.0
2408,2025-12-12,Papelaria,Caneta,4,13.4,53.6
2409,2025-12-12,Papelaria,Caneta,1,75.47,75.47
2410,2025-12-12,Papelaria,Caneta,4,114.62,458.48
2410,2025-12-12,Eletrônicos,Tablet,4,1935.76,7743.04
2410,2025-12-12,Eletrônicos,Tablet,1,3464.58,3464.58
2411,2025-12-12,Móveis,Cadeira,1,909.74,909.74
2411,2025-12-12,Vestuário,Tênis,2,65.51,131.02
2411,2025-12-12,Alimentos,Café,3,32.25,96.75
2412,2025-12-12,Móveis,Mesa,1,1349.27,1349.27
2412,2025-12-12,Alimentos,Suco,3,47.98,143.94
2412,2025-12-12,Vestuário,Camiseta,2,333.34,666.68
2413,2025-12-13,Móveis,Estante,3,1324.17,3972.51
2413,2025-12-13,Papelaria,Agenda,4,95.21,380.84
2413,2025-12-13,Móveis,Luminária,4,2259.42,9037.68
2414,2025-12-13,Eletrônicos,Tablet,4,3510.27,14041.08
2414,2025-12-13,Alimentos,Chocolate,2,13.31,26.62
2414,2025-12-13,Móveis,Cadeira,2,2379.89,4759.78
2415,2025-12-13,Móveis,Sofá,1,1992.85,1992.85
2415,2025-12-13,Alimentos,Cereal,3,9.83,29.49
2415,2025-12-13,Papelaria,Caneta,1,28.75,28.75
2416,2025-12-14,Eletrônicos,Smartphone,3,400.99,1202.97
2416,2025-12-14,Vestuário,Boné,2,176.68,353.36
2416,2025-12-14,Eletrônicos,Smart TV,4,1882.61,7530.44
2417,2025-12-14,Vestuário,Jaqueta,2,253.74,507.48
2417,2025-12-14,Móveis,Luminária,2,1572.91,3145.82
2418,2025-12-14,Vestuário,Camiseta,4,69.27,277.08
2419,2025-12-14,Alimentos,Chocolate,3,10.51,31.53
2419,2025-12-14,Vestuário,Tênis,2,247.08,494.16
2420,2025-12-15,Móveis,Sofá,1,1130.37,1130.37
2420,2025-12-15,Eletrônicos,Notebook,1,1905.31,1905.31
2421,2025-12-15,Papelaria,Estojo,4,66.93,267.72
2421,2025-12-15,Alimentos,Chocolate,1,48.73,48.73
2421,2025-12-15,Papelaria,Caneta,4,40.12,160.48
2422,2025-12-15,Alimentos,Cereal,1,6.16,6.16
2423,2025-12-16,Vestuário,Camiseta,2,55.7,111.4
2423,2025-12-16,Vestuário,Camiseta,1,269.55,269.55
2423,2025-12-16,Móveis,Estante,2,1213.28,2426.56
2424,2025-12-16,Eletrônicos,Smart TV,1,2975.92,2975.92
2425,2025-12-16,Papelaria,Caneta,3,106.79,320.37
2426,2025-12-16,Móveis,Estante,3,2325.22,6975.66
2426,2025-12-16,Alimentos,Biscoito,1,12.26,12.26
2426,2025-12-16,Vestuário,Calça Jeans,4,152.28,609.12
2427,2025-12-16,Eletrônicos,Notebook,3,907.73,2723.19
2427,2025-12-16,Eletrônicos,Smart TV,4,2804.82,11219.28
2428,2025-12-16,Eletrônicos,Tablet,3,1700.6,5101.8
2428,2025-12-16,Vestuário,Calça Jeans,1,195.96,195.96
2428,2025-12-16,Papelaria,Estojo,1,18.92,18.92
2429,2025-12-17,Móveis,Luminária,3,2073.13,6219.39
2430,2025-12-17,Eletrônicos,Fone de Ouvido,4,2884.06,11536.24
2430,2025-12-17,Móveis,Luminária,1,1240.55,1240.55
2431,2025-12-18,Eletrônicos,Tablet,2,171.54,343.08
2432,2025-12-18,Eletrônicos,Smart TV,4,291.23,1164.92
2432,2025-12-18,Papelaria,Agenda,3,29.8,89.4
2432,2025-12-18,Eletrônicos,Smartphone,2,3490.43,6980.86
2433,2025-12-18,Vestuário,Camiseta,3,195.53,586.59
2433,2025-12-18,Alimentos,Biscoito,4,52.77,211.08
2433,2025-12-18,Eletrônicos,Fone de Ouvido,4,1139.4,4557.6
2434,2025-12-18,Papelaria,Caderno,4,64.15,256.6
2434,2025-12-18,Vestuário,Calça Jeans,4,100.79,403.16
2434,2025-12-18,Vestuário,Boné,1,43.59,43.59
2435,2025-12-18,Papelaria,Agenda,4,69.59,278.36
2435,2025-12-18,Papelaria,Estojo,4,81.65,326.6
2436,2025-12-18,Papelaria,Estojo,2,80.87,161.74
2437,2025-12-18,Móveis,Cadeira,2,113.57,227.14
2438,2025-12-18,Alimentos,Cereal,4,29.73,118.92
2438,2025-12-18,Alimentos,Chocolate,1,42.02,42.02
2438,2025-12-18,Papelaria,Caderno,2,25.37,50.74
2439,2025-12-19,Papelaria,Mochila,2,39.52,79.04
2439,2025-12-19,Papelaria,Estojo,2,32.66,65.32
2439,2025-12-19,Móveis,Cadeira,4,631.82,2527.28
2440,2025-12-19,Papelaria,Mochila,3,55.18,165.54
2441,2025-12-19,Móveis,Luminária,2,797.16,1594.32
2441,2025-12-19,Vestuário,Calça Jeans,2,177.78,355.56
2441,2025-12-19,Vestuário,Calça Jeans,1,308.63,308.63
2442,2025-12-19,Vestuário,Boné,4,85.25,341.0
2443,2025-12-19,Eletrônicos,Smartphone,4,3930.85,15723.4
2443,2025-12-19,Alimentos,Suco,2,6.68,13.36
2444,2025-12-20,Papelaria,Mochila,4,96.1,384.4
2444,2025-12-20,Eletrônicos,Tablet,2,3337.55,6675.1
2445,2025-12-20,Móveis,Cadeira,4,1994.32,7977.28
2445,2025-12-20,Alimentos,Suco,1,48.21,48.21
2446,2025-12-20,Móveis,Mesa,3,2468.59,7405.77
2446,2025-12-20,Eletrônicos,Tablet,4,1951.27,7805.08
2447,2025-12-20,Papelaria,Mochila,3,97.36,292.08
2448,2025-12-20,Vestuário,Camiseta,1,68.33,68.33
2449,2025-12-20,Papelaria,Mochila,1,102.71,102.71
2450,2025-12-20,Papelaria,Estojo,2,55.83,111.66
2451,2025-12-21,Eletrônicos,Smartphone,1,1077.09,1077.09
2452,2025-12-21,Papelaria,Estojo,3,69.48,208.44
2452,2025-12-21,Vestuário,Jaqueta,2,50.81,101.62
2452,2025-12-21,Móveis,Luminária,2,330.29,660.58
2453,2025-12-22,Móveis,Estante,4,587.57,2350.28
2454,2025-12-22,Vestuário,Calça Jeans,3,346.54,1039.62
2454,2025-12-22,Móveis,Sofá,2,682.93,1365.86
2455,2025-12-22,Móveis,Cadeira,2,524.32,1048.64
2456,2025-12-22,Móveis,Mesa,2,1181.06,2362.12
2456,2025-12-22,Vestuário,Jaqueta,4,267.88,1071.52
2457,2025-12-22,Móveis,Estante,4,545.45,2181.8
2457,2025-12-22,Vestuário,Calça Jeans,2,255.4,510.8
2457,2025-12-22,Vestuário,Tênis,1,71.26,71.26
2458,2025-12-23,Móveis,Sofá,2,426.73,853.46
2458,2025-12-23,Vestuário,Boné,2,36.31,72.62
2458,2025-12-23,Alimentos,Biscoito,4,50.77,203.08
2459,2025-12-23,Móveis,Mesa,4,2389.64,9558.56
2459,2025-12-23,Vestuário,Tênis,1,339.7,339.7
2460,2025-12-23,Eletrônicos,Smart TV,1,3607.75,3607.75
2460,2025-12-23,Papelaria,Estojo,1,16.5,16.5
2460,2025-12-23,Móveis,Mesa,2,690.64,1381.28
2461,2025-12-24,Eletrônicos,Tablet,1,2826.82,2826.82
2461,2025-12-24,Eletrônicos,Smart TV,4,696.04,2784.16
2462,2025-12-24,Papelaria,Mochila,1,17.32,17.32
2462,2025-12-24,Móveis,Sofá,3,2422.72,7268.16
2462,2025-12-24,Móveis,Cadeira,4,1959.33,7837.32
2463,2025-12-24,Móveis,Estante,4,473.42,1893.68
2463,2025-12-24,Vestuário,Boné,3,159.88,479.64
2463,2025-12-24,Vestuário,Camiseta,4,203.11,812.44
2464,2025-12-25,Eletrônicos,Smartphone,2,1800.69,3601.38
2464,2025-12-25,Papelaria,Agenda,1,96.03,96.03
2464,2025-12-25,Alimentos,Café,3,23.1,69.3
2465,2025-12-25,Vestuário,Camiseta,1,114.3,114.3
2465,2025-12-25,Alimentos,Biscoito,2,14.6,29.2
2466,2025-12-26,Alimentos,Cereal,1,18.89,18.89
2466,2025-12-26,Eletrônicos,Smart TV,3,2243.99,6731.97
2467,2025-12-26,Alimentos,Suco,2,48.25,96.5
2467,2025-12-26,Vestuário,Calça Jeans,3,235.63,706.89
2468,2025-12-26,Alimentos,Cereal,3,38.57,115.71
2468,2025-12-26,Papelaria,Caderno,1,118.07,118.07
2468,2025-12-26,Vestuário,Boné,4,64.62,258.48
2469,2025-12-26,Alimentos,Chocolate,2,44.96,89.92
2469,2025-12-26,Alimentos,Suco,2,29.04,58.08
2470,2025-12-26,Vestuário,Boné,3,96.66,289.98
2470,2025-12-26,Eletrônicos,Fone de Ouvido,2,3732.66,7465.32
2470,2025-12-26,Alimentos,Suco,4,27.08,108.32
2471,2025-12-26,Eletrônicos,Notebook,2,412.82,825.64
2471,2025-12-26,Alimentos,Cereal,3,31.22,93.66
2472,2025-12-27,Vestuário,Camiseta,3,230.19,690.57
2472,2025-12-27,Vestuário,Calça Jeans,4,288.42,1153.68
2473,2025-12-27,Eletrônicos,Tablet,1,1846.01,1846.01
2473,2025-12-27,Móveis,Cadeira,3,1622.06,4866.18
2473,2025-12-27,Móveis,Mesa,2,2137.77,4275.54
2474,2025-12-27,Alimentos,Biscoito,2,14.75,29.5
2475,2025-12-28,Papelaria,Caneta,4,117.64,470.56
2475,2025-12-28,Vestuário,Jaqueta,2,249.83,499.66
2476,2025-12-28,Eletrônicos,Fone de Ouvido,1,1792.23,1792.23
2476,2025-12-28,Papelaria,Estojo,3,35.76,107.28
2477,2025-12-29,Móveis,Cadeira,4,2437.46,9749.84
2477,2025-12-29,Vestuário,Jaqueta,3,102.46,307.38
2477,2025-12-29,Móveis,Estante,4,1708.63,6834.52
2478,2025-12-29,Vestuário,Tênis,2,131.68,263.36
2478,2025-12-29,Eletrônicos,Fone de Ouvido,3,3367.61,10102.83
2479,2025-12-29,Papelaria,Caneta,2,97.52,195.04
2479,2025-12-29,Alimentos,Café,2,38.08,76.16
2480,2025-12-29,Vestuário,Boné,3,96.91,290.73
2480,2025-12-29,Móveis,Cadeira,1,167.84,167.84
2481,2025-12-29,Eletrônicos,Smartphone,3,1779.85,5339.55
2482,2025-12-29,Alimentos,Café,2,22.82,45.64
2482,2025-12-29,Vestuário,Calça Jeans,2,216.79,433.58
2482,2025-12-29,Eletrônicos,Fone de Ouvido,2,1099.11,2198.22
2483,2025-12-30,Eletrônicos,Notebook,4,856.72,3426.88
2483,2025-12-30,Alimentos,Chocolate,3,38.3,114.9
2483,2025-12-30,Eletrônicos,Smart TV,2,3409.62,6819.24
2484,2025-12-30,Móveis,Mesa,3,1149.72,3449.16
2484,2025-12-30,Alimentos,Café,1,43.66,43.66
2484,2025-12-30,Papelaria,Caderno,3,54.89,164.67
2485,2025-12-30,Vestuário,Camiseta,1,47.07,47.07
2486,2025-12-30,Móveis,Luminária,2,802.81,1605.62
2486,2025-12-30,Alimentos,Café,1,14.66,14.66
2487,2025-12-30,Eletrônicos,Tablet,3,3745.2,11235.6
2488,2025-12-30,Papelaria,Caderno,2,75.94,151.88
2488,2025-12-30,Vestuário,Jaqueta,4,196.88,787.52
2488,2025-12-30,Eletrônicos,Notebook,2,1855.05,3710.1
